Tract,Total,Hispanic or Latino,Not Hispanic or Latino,Population of one race,White alone,Black or African American alone,American Indian and Alaska Native alone,Asian alone,Native Hawaiian and Other Pacific Islander alone,Some Other Race alone,Population of two or more races,Total parcels,Occupied,Vacant,Poverty status determined total,Below poverty level!,Under 5 years,5 to 9 years,10 to 14 years,15 to 19 years,20 to 24 years,25 to 29 years,30 to 34 years,35 to 39 years,40 to 44 years,45 to 49 years,50 to 54 years,55 to 59 years,60 to 64 years,65 to 69 years,70 to 74 years,75 to 79 years,80 to 84 years,85 years and over,Occupied (%),Vacant (%),Hispanic or Latino (%),Not Hispanic or Latino (%),Population of one race (%),White alone (%),Black or African American alone (%),American Indian and Alaska Native alone (%),Asian alone (%),Native Hawaiian and Other Pacific Islander alone (%),Some Other Race alone (%),Population of two or more races (%),Below poverty level (%),Under 5 years (%),5 to 9 years (%),10 to 14 years (%),15 to 19 years (%),20 to 24 years (%),25 to 29 years (%),30 to 34 years (%),35 to 39 years (%),40 to 44 years (%),45 to 49 years (%),50 to 54 years (%),55 to 59 years (%),60 to 64 years (%),65 to 69 years (%),70 to 74 years (%),75 to 79 years (%),80 to 84 years (%),85 years and over (%)
201,"4,729",271,"4,458","4,316","3,324",577,4,357,0,54,142,10035,7878,2157,3146,423,10,21,36,758,903,681,204,343,216,106,124,89,336,335,116,71,31,36,79%,21%,6%,94%,91%,70%,12%,0%,8%,0%,1%,3%,13%,0%,0%,1%,16%,19%,14%,4%,7%,5%,2%,3%,2%,7%,7%,2%,2%,1%,1%
203,"1,845",88,"1,757","1,698","1,470",51,0,174,1,2,59,4284,3723,561,1717,123,63,0,0,4,32,457,417,352,57,94,7,94,59,41,8,6,20,6,87%,13%,5%,95%,92%,80%,3%,0%,9%,0%,0%,3%,7%,3%,0%,0%,0%,2%,25%,23%,19%,3%,5%,0%,5%,3%,2%,0%,0%,1%,0%
305,"3,041",92,"2,949","2,835",714,"1,810",9,284,2,16,114,5778,5190,588,2989,1011,90,105,136,106,404,381,433,174,109,126,131,159,126,187,63,125,40,94,90%,10%,3%,97%,93%,23%,60%,0%,9%,0%,1%,4%,34%,3%,3%,4%,3%,13%,13%,14%,6%,4%,4%,4%,5%,4%,6%,2%,4%,1%,3%
402,"2,534",112,"2,422","2,363","1,510",603,6,197,0,47,59,2295,1707,588,1110,685,132,9,20,720,672,44,127,7,16,35,51,36,77,77,8,34,9,35,74%,26%,4%,96%,93%,60%,24%,0%,8%,0%,2%,2%,62%,5%,0%,1%,28%,27%,2%,5%,0%,1%,1%,2%,1%,3%,3%,0%,1%,0%,1%
404,"2,220",96,"2,124","2,062","1,485",103,0,468,0,6,62,3318,2973,345,1365,260,0,0,0,183,188,141,71,12,12,51,58,23,22,100,170,145,196,129,90%,10%,4%,96%,93%,67%,5%,0%,21%,0%,0%,3%,19%,0%,0%,0%,8%,8%,6%,3%,1%,1%,2%,3%,1%,1%,5%,8%,7%,9%,6%
405,"3,781",150,"3,631","3,475","2,881",191,2,385,0,16,156,4380,3750,630,2142,1759,0,0,0,580,1978,71,15,0,0,0,3,87,32,21,32,15,9,17,86%,14%,4%,96%,92%,76%,5%,0%,10%,0%,0%,4%,82%,0%,0%,0%,15%,52%,2%,0%,0%,0%,0%,0%,2%,1%,1%,1%,0%,0%,0%
406,"2,054",69,"1,985","1,898","1,552",94,2,241,1,8,87,3525,3009,516,2309,1761,0,0,0,412,1648,45,20,0,20,25,52,0,20,0,0,0,0,67,85%,15%,3%,97%,92%,76%,5%,0%,12%,0%,0%,4%,76%,0%,0%,0%,20%,80%,2%,1%,0%,1%,1%,3%,0%,1%,0%,0%,0%,0%,3%
409,"3,326",180,"3,146","3,006","1,860",565,6,563,0,12,140,5679,4896,783,3335,1851,34,66,14,236,1852,326,149,85,19,29,119,90,167,154,8,20,34,12,86%,14%,5%,95%,90%,56%,17%,0%,17%,0%,0%,4%,56%,1%,2%,0%,7%,56%,10%,4%,3%,1%,1%,4%,3%,5%,5%,0%,1%,1%,0%
501,"1,757",23,"1,734","1,687",81,"1,597",0,5,0,4,47,3279,2778,501,1801,937,329,60,120,124,28,177,108,98,93,29,5,43,82,240,142,61,44,23,85%,15%,1%,99%,96%,5%,91%,0%,0%,0%,0%,3%,52%,19%,3%,7%,7%,2%,10%,6%,6%,5%,2%,0%,2%,5%,14%,8%,3%,3%,1%
506,"1,723",44,"1,679","1,618",386,"1,130",12,72,0,18,61,3321,2532,789,1639,191,77,149,67,41,104,110,218,105,31,29,34,201,110,171,41,78,12,61,76%,24%,3%,97%,94%,22%,66%,1%,4%,0%,1%,4%,12%,4%,9%,4%,2%,6%,6%,13%,6%,2%,2%,2%,12%,6%,10%,2%,5%,1%,4%
509,"1,386",25,"1,361","1,316",51,"1,255",7,3,0,0,45,2478,2238,240,1539,827,221,178,103,162,70,129,101,47,15,75,72,21,116,40,60,88,23,18,90%,10%,2%,98%,95%,4%,91%,1%,0%,0%,0%,3%,54%,16%,13%,7%,12%,5%,9%,7%,3%,1%,5%,5%,2%,8%,3%,4%,6%,2%,1%
510,"1,703",51,"1,652","1,574",453,"1,018",4,87,0,12,78,2499,2304,195,1244,417,11,38,16,800,287,135,150,174,0,47,9,68,213,24,52,42,33,0,92%,8%,3%,97%,92%,27%,60%,0%,5%,0%,1%,5%,34%,1%,2%,1%,47%,17%,8%,9%,10%,0%,3%,1%,4%,13%,1%,3%,2%,2%,0%
511,617,14,603,577,42,528,1,0,1,5,26,765,699,66,848,736,28,62,203,119,63,13,115,86,0,0,0,96,30,2,14,0,17,0,91%,9%,2%,98%,94%,7%,86%,0%,0%,0%,1%,4%,87%,5%,10%,33%,19%,10%,2%,19%,14%,0%,0%,0%,16%,5%,0%,2%,0%,3%,0%
603,"2,641",74,"2,567","2,455","2,110",185,3,143,0,14,112,5115,4557,558,2659,432,16,0,46,28,471,664,444,300,75,81,57,81,79,108,56,84,36,33,89%,11%,3%,97%,93%,80%,7%,0%,5%,0%,1%,4%,16%,1%,0%,2%,1%,18%,25%,17%,11%,3%,3%,2%,3%,3%,4%,2%,3%,1%,1%
605,"1,201",36,"1,165","1,090",980,81,0,17,1,11,75,2325,2025,300,975,141,5,9,6,5,69,75,103,191,89,70,26,44,57,118,96,0,12,0,87%,13%,3%,97%,91%,82%,7%,0%,1%,0%,1%,6%,14%,0%,1%,0%,0%,6%,6%,9%,16%,7%,6%,2%,4%,5%,10%,8%,0%,1%,0%
703,"2,243",115,"2,128","2,039","1,581",102,0,341,0,15,89,3861,3573,288,2112,377,23,22,58,47,532,395,273,72,70,118,98,29,82,82,185,66,16,79,93%,7%,5%,95%,91%,70%,5%,0%,15%,0%,1%,4%,18%,1%,1%,3%,2%,24%,18%,12%,3%,3%,5%,4%,1%,4%,4%,8%,3%,1%,4%
705,"3,040",135,"2,905","2,790","2,143",129,1,501,0,16,115,6015,5595,420,2918,461,9,107,0,35,660,782,399,393,40,124,39,36,84,111,29,48,22,0,93%,7%,4%,96%,92%,70%,4%,0%,16%,0%,1%,4%,16%,0%,4%,0%,1%,22%,26%,13%,13%,1%,4%,1%,1%,3%,4%,1%,2%,1%,0%
706,"2,194",108,"2,086","1,993","1,596",58,0,327,3,9,93,4200,3987,213,2201,307,30,69,14,44,357,487,476,69,122,48,87,56,38,58,125,86,0,53,95%,5%,5%,95%,91%,73%,3%,0%,15%,0%,0%,4%,14%,1%,3%,1%,2%,16%,22%,22%,3%,6%,2%,4%,3%,2%,3%,6%,4%,0%,2%
708,"2,853",154,"2,699","2,595","1,694",97,3,791,0,10,104,5544,5211,333,2576,195,78,66,0,55,225,377,604,469,28,45,209,83,116,85,37,37,53,9,94%,6%,5%,95%,91%,59%,3%,0%,28%,0%,0%,4%,8%,3%,2%,0%,2%,8%,13%,21%,16%,1%,2%,7%,3%,4%,3%,1%,1%,2%,0%
709,"4,987",203,"4,784","4,623","2,618",274,0,"1,703",1,27,161,8652,7938,714,3790,1085,128,114,119,341,779,674,225,322,140,210,105,141,197,238,94,86,89,250,92%,8%,4%,96%,93%,52%,5%,0%,34%,0%,1%,3%,29%,3%,2%,2%,7%,16%,14%,5%,6%,3%,4%,2%,3%,4%,5%,2%,2%,2%,5%
802,"1,618",48,"1,570","1,493","1,383",54,0,46,1,9,77,3042,2718,324,1757,112,54,30,21,24,125,343,269,155,162,59,55,121,84,79,102,24,6,44,89%,11%,3%,97%,92%,85%,3%,0%,3%,0%,1%,5%,6%,3%,2%,1%,1%,8%,21%,17%,10%,10%,4%,3%,7%,5%,5%,6%,1%,0%,3%
804,"1,674",92,"1,582","1,497","1,035",86,0,365,0,11,85,3147,2958,189,1666,374,87,26,0,9,277,395,391,114,65,37,50,55,44,52,44,10,5,5,94%,6%,5%,95%,89%,62%,5%,0%,22%,0%,1%,5%,22%,5%,2%,0%,1%,17%,24%,23%,7%,4%,2%,3%,3%,3%,3%,3%,1%,0%,0%
806,"2,008",99,"1,909","1,836","1,609",98,5,115,0,9,73,3648,3420,228,1776,127,106,51,32,18,153,413,225,145,147,77,15,48,110,71,112,0,7,46,94%,6%,5%,95%,91%,80%,5%,0%,6%,0%,0%,4%,7%,5%,3%,2%,1%,8%,21%,11%,7%,7%,4%,1%,2%,5%,4%,6%,0%,0%,2%
807,"1,963",148,"1,815","1,730","1,171",201,3,345,0,10,85,3999,3729,270,2139,206,168,24,42,24,251,611,279,157,166,71,81,69,53,66,44,12,10,14,93%,7%,8%,92%,88%,60%,10%,0%,18%,0%,1%,4%,10%,9%,1%,2%,1%,13%,31%,14%,8%,8%,4%,4%,4%,3%,3%,2%,1%,1%,1%
809,"1,824",109,"1,715","1,639","1,365",172,0,95,0,7,76,3459,3177,282,1945,267,49,30,21,59,242,408,367,70,102,63,51,133,103,110,104,29,0,53,92%,8%,6%,94%,90%,75%,9%,0%,5%,0%,0%,4%,14%,3%,2%,1%,3%,13%,22%,20%,4%,6%,3%,3%,7%,6%,6%,6%,2%,0%,3%
901,"2,038",72,"1,966","1,912","1,749",73,0,80,2,8,54,4155,3681,474,2028,238,26,47,6,48,52,596,370,174,215,88,48,71,88,84,17,40,11,60,89%,11%,4%,96%,94%,86%,4%,0%,4%,0%,0%,3%,12%,1%,2%,0%,2%,3%,29%,18%,9%,11%,4%,2%,3%,4%,4%,1%,2%,1%,3%
902,"2,678",95,"2,583","2,497","2,257",132,1,84,0,23,86,4602,4101,501,2443,351,110,53,24,32,62,441,497,263,101,23,174,137,107,164,179,75,91,172,89%,11%,4%,96%,93%,84%,5%,0%,3%,0%,1%,3%,14%,4%,2%,1%,1%,2%,16%,19%,10%,4%,1%,6%,5%,4%,6%,7%,3%,3%,6%
903,"1,541",63,"1,478","1,436","1,270",100,2,60,0,4,42,2919,2502,417,1433,144,21,0,24,132,29,261,220,114,65,177,34,41,69,88,51,53,21,45,86%,14%,4%,96%,93%,82%,6%,0%,4%,0%,0%,3%,10%,1%,0%,2%,9%,2%,17%,14%,7%,4%,11%,2%,3%,4%,6%,3%,3%,1%,3%
1005,"2,013",65,"1,948","1,871",712,"1,130",0,24,0,5,77,2871,2712,159,1896,281,126,66,87,113,107,122,132,195,102,37,17,157,143,184,113,54,92,106,94%,6%,3%,97%,93%,35%,56%,0%,1%,0%,0%,4%,15%,6%,3%,4%,6%,5%,6%,7%,10%,5%,2%,1%,8%,7%,9%,6%,3%,5%,5%
1011,"2,394",66,"2,328","2,229","1,984",154,5,74,0,12,99,4377,3783,594,2484,345,96,66,27,18,29,672,411,257,167,78,88,167,130,88,66,9,29,86,86%,14%,3%,97%,93%,83%,6%,0%,3%,0%,1%,4%,14%,4%,3%,1%,1%,1%,28%,17%,11%,7%,3%,4%,7%,5%,4%,3%,0%,1%,4%
1014,"3,252",98,"3,154","3,012","2,628",315,3,52,0,14,142,5064,4668,396,3187,172,131,180,77,133,54,258,290,362,282,156,260,338,148,172,95,138,45,68,92%,8%,3%,97%,93%,81%,10%,0%,2%,0%,0%,4%,5%,4%,6%,2%,4%,2%,8%,9%,11%,9%,5%,8%,10%,5%,5%,3%,4%,1%,2%
1018,"2,414",43,"2,371","2,276","1,854",345,6,56,1,14,95,3726,3450,276,2592,81,242,68,41,61,148,233,230,240,240,85,255,114,205,128,141,71,50,40,93%,7%,2%,98%,94%,77%,14%,0%,2%,0%,1%,4%,3%,10%,3%,2%,3%,6%,10%,10%,10%,10%,4%,11%,5%,8%,5%,6%,3%,2%,2%
1019,"2,432",69,"2,363","2,263",564,"1,591",7,57,2,42,100,3603,3087,516,2740,667,208,132,202,234,81,290,339,223,319,160,75,91,183,49,94,42,0,18,86%,14%,3%,97%,93%,23%,65%,0%,2%,0%,2%,4%,24%,9%,5%,8%,10%,3%,12%,14%,9%,13%,7%,3%,4%,8%,2%,4%,2%,0%,1%
1102,"3,787",184,"3,603","3,402","2,540",622,5,204,5,26,201,6351,5673,678,4269,301,236,58,180,118,436,578,654,399,266,270,201,134,214,148,152,45,120,62,89%,11%,5%,95%,90%,67%,16%,0%,5%,0%,1%,5%,7%,6%,2%,5%,3%,12%,15%,17%,11%,7%,7%,5%,4%,6%,4%,4%,1%,3%,2%
1106,"2,440",107,"2,333","2,211","1,725",361,3,100,0,22,122,3321,3105,216,2393,183,141,185,155,118,68,137,213,190,136,204,179,152,120,137,131,54,10,63,93%,7%,4%,96%,91%,71%,15%,0%,4%,0%,1%,5%,8%,6%,8%,6%,5%,3%,6%,9%,8%,6%,8%,7%,6%,5%,6%,5%,2%,0%,3%
1113,"2,658",146,"2,512","2,352","1,236",962,7,134,0,13,160,4353,3756,597,2504,288,64,136,142,164,137,311,220,302,278,165,220,138,86,70,78,112,37,74,86%,14%,5%,95%,88%,47%,36%,0%,5%,0%,0%,6%,12%,2%,5%,5%,6%,5%,12%,8%,11%,10%,6%,8%,5%,3%,3%,3%,4%,1%,3%
1114,"1,211",42,"1,169","1,091",421,622,2,30,0,16,78,2157,1818,339,1289,174,0,0,33,40,232,174,200,83,82,66,52,53,54,22,87,32,61,18,84%,16%,3%,97%,90%,35%,51%,0%,2%,0%,1%,6%,13%,0%,0%,3%,3%,19%,14%,17%,7%,7%,5%,4%,4%,4%,2%,7%,3%,5%,1%
1115,"3,529",109,"3,420","3,279","1,239","1,625",10,375,1,29,141,6765,6066,699,3396,446,0,159,89,110,442,519,511,441,190,140,214,142,241,91,34,30,15,28,90%,10%,3%,97%,93%,35%,46%,0%,11%,0%,1%,4%,13%,0%,5%,3%,3%,13%,15%,14%,12%,5%,4%,6%,4%,7%,3%,1%,1%,0%,1%
1203,"1,424",32,"1,392","1,346",42,"1,291",0,1,0,12,46,2388,1953,435,1702,629,119,122,280,73,36,150,123,29,147,106,116,63,50,112,52,37,23,64,82%,18%,2%,98%,95%,3%,91%,0%,0%,0%,1%,3%,37%,8%,9%,20%,5%,3%,11%,9%,2%,10%,7%,8%,4%,4%,8%,4%,3%,2%,4%
1209,"1,545",32,"1,513","1,445",209,"1,181",11,37,1,6,68,2556,2034,522,1464,517,94,108,119,124,43,49,178,117,97,53,86,90,95,90,98,30,39,100,80%,20%,2%,98%,94%,14%,76%,1%,2%,0%,0%,4%,35%,6%,7%,8%,8%,3%,3%,12%,8%,6%,3%,6%,6%,6%,6%,6%,2%,3%,6%
1302,"1,028",24,"1,004",950,36,895,0,9,2,8,54,1743,1293,450,1096,223,92,66,116,117,10,38,68,78,99,20,0,62,113,102,53,32,26,46,74%,26%,2%,98%,92%,4%,87%,0%,1%,0%,1%,5%,20%,9%,6%,11%,11%,1%,4%,7%,8%,10%,2%,0%,6%,11%,10%,5%,3%,3%,4%
1306,"2,892",34,"2,858","2,751",64,"2,656",12,4,1,14,107,4347,3684,663,3830,2027,268,336,751,476,132,150,265,232,16,273,221,236,70,114,122,89,42,37,85%,15%,1%,99%,95%,2%,92%,0%,0%,0%,0%,4%,53%,9%,12%,26%,16%,5%,5%,9%,8%,1%,9%,8%,8%,2%,4%,4%,3%,1%,1%
1307,"2,231",41,"2,190","2,132",54,"2,040",10,4,1,23,58,3927,3000,927,2192,728,97,164,210,153,55,238,109,41,171,57,59,152,186,122,147,146,51,35,76%,24%,2%,98%,96%,2%,91%,0%,0%,0%,1%,3%,33%,4%,7%,9%,7%,2%,11%,5%,2%,8%,3%,3%,7%,8%,5%,7%,7%,2%,2%
1308,"2,260",41,"2,219","2,114",63,"2,007",7,9,0,28,105,3993,3168,825,2128,718,163,236,230,139,133,164,127,56,46,73,138,94,177,52,128,109,46,17,79%,21%,2%,98%,94%,3%,89%,0%,0%,0%,1%,5%,34%,7%,10%,10%,6%,6%,7%,6%,2%,2%,3%,6%,4%,8%,2%,6%,5%,2%,1%
1401,"5,579",363,"5,216","4,970","4,175",214,4,549,0,28,246,3366,3129,237,2673,363,207,246,72,2402,1556,147,65,235,98,140,151,143,192,77,167,124,68,65,93%,7%,7%,93%,89%,75%,4%,0%,10%,0%,1%,4%,14%,4%,4%,1%,43%,28%,3%,1%,4%,2%,3%,3%,3%,3%,1%,3%,2%,1%,1%
1402,"2,771",112,"2,659","2,550","1,876",66,0,603,1,4,109,3429,3183,246,1805,332,56,160,172,447,521,209,34,171,83,79,152,87,36,104,45,5,19,41,93%,7%,4%,96%,92%,68%,2%,0%,22%,0%,0%,4%,18%,2%,6%,6%,16%,19%,8%,1%,6%,3%,3%,5%,3%,1%,4%,2%,0%,1%,1%
1403,"3,529",125,"3,404","3,233","2,769",76,3,364,0,21,171,4803,4548,255,3331,389,128,150,147,141,272,387,376,246,191,189,112,178,160,207,241,101,45,60,95%,5%,4%,96%,92%,78%,2%,0%,10%,0%,1%,5%,12%,4%,4%,4%,4%,8%,11%,11%,7%,5%,5%,3%,5%,5%,6%,7%,3%,1%,2%
1404,"2,312",77,"2,235","2,114","1,943",32,0,125,0,14,121,2952,2781,171,2167,120,96,138,93,79,184,108,113,76,163,104,108,215,129,137,187,145,58,34,94%,6%,3%,97%,91%,84%,1%,0%,5%,0%,1%,5%,6%,4%,6%,4%,3%,8%,5%,5%,3%,7%,4%,5%,9%,6%,6%,8%,6%,3%,1%
1405,"1,988",96,"1,892","1,803","1,039",629,9,113,0,13,89,3498,3015,483,2211,102,46,90,86,14,201,323,482,276,72,81,142,62,32,54,41,28,126,65,86%,14%,5%,95%,91%,52%,32%,0%,6%,0%,1%,4%,5%,2%,5%,4%,1%,10%,16%,24%,14%,4%,4%,7%,3%,2%,3%,2%,1%,6%,3%
1408,"4,658",161,"4,497","4,301","3,487",95,5,640,1,73,196,6258,5814,444,4717,562,283,283,354,310,340,387,439,370,358,215,182,216,171,293,204,145,144,73,93%,7%,3%,97%,92%,75%,2%,0%,14%,0%,2%,4%,12%,6%,6%,8%,7%,7%,8%,9%,8%,8%,5%,4%,5%,4%,6%,4%,3%,3%,2%
1411,"1,339",31,"1,308","1,255","1,150",60,0,41,0,4,53,1905,1803,102,1351,67,77,60,53,88,59,8,56,125,161,64,73,78,122,131,79,56,26,35,95%,5%,2%,98%,94%,86%,4%,0%,3%,0%,0%,4%,5%,6%,4%,4%,7%,4%,1%,4%,9%,12%,5%,5%,6%,9%,10%,6%,4%,2%,3%
1412,"4,007",168,"3,839","3,637","3,304",180,1,137,2,13,202,5784,5412,372,4118,303,194,267,208,149,124,185,442,280,346,279,242,227,278,264,285,152,142,70,94%,6%,4%,96%,91%,82%,4%,0%,3%,0%,0%,5%,7%,5%,7%,5%,4%,3%,5%,11%,7%,9%,7%,6%,6%,7%,7%,7%,4%,4%,2%
1413,"5,048",195,"4,853","4,640","3,196",182,1,"1,244",1,16,213,7827,7371,456,4574,1223,157,121,187,170,1035,472,383,330,260,269,77,109,202,334,348,113,97,188,94%,6%,4%,96%,92%,63%,4%,0%,25%,0%,0%,4%,27%,3%,2%,4%,3%,21%,9%,8%,7%,5%,5%,2%,2%,4%,7%,7%,2%,2%,4%
1414,"5,593",269,"5,324","5,068","4,203",235,4,599,0,27,256,9006,8154,852,5346,415,259,294,276,270,271,310,335,396,572,300,351,365,255,344,377,167,187,126,91%,9%,5%,95%,91%,75%,4%,0%,11%,0%,0%,5%,8%,5%,5%,5%,5%,5%,6%,6%,7%,10%,5%,6%,7%,5%,6%,7%,3%,3%,2%
1516,"2,305",82,"2,223","2,113","1,975",71,2,57,0,8,110,3699,3342,357,2459,303,58,49,136,64,146,328,274,196,143,79,129,188,185,147,157,28,38,114,90%,10%,4%,96%,92%,86%,3%,0%,2%,0%,0%,5%,12%,3%,2%,6%,3%,6%,14%,12%,9%,6%,3%,6%,8%,8%,6%,7%,1%,2%,5%
1517,"4,956",251,"4,705","4,456","3,775",235,4,398,5,39,249,7599,7053,546,4468,494,60,293,122,226,144,590,464,350,234,344,248,209,304,283,346,95,110,46,93%,7%,5%,95%,90%,76%,5%,0%,8%,0%,1%,5%,11%,1%,6%,2%,5%,3%,12%,9%,7%,5%,7%,5%,4%,6%,6%,7%,2%,2%,1%
1608,"2,552",109,"2,443","2,312","1,979",278,0,36,5,14,131,4464,3849,615,2447,376,0,29,152,85,261,389,268,352,125,91,41,222,153,73,71,96,27,12,86%,14%,4%,96%,91%,78%,11%,0%,1%,0%,1%,5%,15%,0%,1%,6%,3%,10%,15%,11%,14%,5%,4%,2%,9%,6%,3%,3%,4%,1%,0%
1609,"3,483",139,"3,344","3,212","2,727",240,1,234,1,9,132,7395,6651,744,3413,564,33,22,75,0,1058,647,499,241,0,73,66,169,84,31,31,249,15,120,90%,10%,4%,96%,92%,78%,7%,0%,7%,0%,0%,4%,17%,1%,1%,2%,0%,30%,19%,14%,7%,0%,2%,2%,5%,2%,1%,1%,7%,0%,3%
1610,"2,666",91,"2,575","2,412","1,543",825,1,8,0,35,163,3963,3486,477,2740,699,106,233,173,153,162,385,314,163,138,213,119,98,139,160,101,50,16,17,88%,12%,3%,97%,90%,58%,31%,0%,0%,0%,1%,6%,26%,4%,9%,6%,6%,6%,14%,12%,6%,5%,8%,4%,4%,5%,6%,4%,2%,1%,1%
1702,"3,984",162,"3,822","3,655","3,357",141,0,125,0,32,167,7692,6516,1176,4016,958,0,96,66,76,1000,1127,353,336,256,110,87,80,74,172,133,45,1,4,85%,15%,4%,96%,92%,84%,4%,0%,3%,0%,1%,4%,24%,0%,2%,2%,2%,25%,28%,9%,8%,6%,3%,2%,2%,2%,4%,3%,1%,0%,0%
1706,"1,775",94,"1,681","1,610","1,405",158,1,35,2,9,71,3258,2616,642,1675,262,18,13,15,43,254,231,261,145,122,124,85,74,67,109,54,8,17,35,80%,20%,5%,95%,91%,79%,9%,0%,2%,0%,1%,4%,16%,1%,1%,1%,2%,14%,13%,15%,8%,7%,7%,5%,4%,4%,6%,3%,0%,1%,2%
1803,"2,305",81,"2,224","2,077","1,252",781,3,19,6,16,147,3480,2961,519,1852,372,24,76,65,60,145,118,77,65,486,135,77,103,162,80,119,51,0,9,85%,15%,4%,96%,90%,54%,34%,0%,1%,0%,1%,6%,20%,1%,3%,3%,3%,6%,5%,3%,3%,21%,6%,3%,4%,7%,3%,5%,2%,0%,0%
1807,"2,050",77,"1,973","1,890","1,517",354,2,16,0,1,83,3456,3084,372,2410,717,80,68,161,126,386,363,257,183,143,45,83,73,235,48,111,14,20,21,89%,11%,4%,96%,92%,74%,17%,0%,1%,0%,0%,4%,30%,4%,3%,8%,6%,19%,18%,13%,9%,7%,2%,4%,4%,11%,2%,5%,1%,1%,1%
1903,"1,930",49,"1,881","1,826","1,741",42,0,27,8,8,55,3681,3270,411,1988,86,17,115,0,90,137,188,187,129,68,111,81,172,120,239,132,123,49,30,89%,11%,3%,97%,95%,90%,2%,0%,1%,0%,0%,3%,4%,1%,6%,0%,5%,7%,10%,10%,7%,4%,6%,4%,9%,6%,12%,7%,6%,3%,2%
1911,"2,397",73,"2,324","2,244","2,120",67,0,50,2,5,80,4296,3858,438,2220,185,112,51,0,17,78,309,238,222,132,115,83,99,119,244,120,92,69,120,90%,10%,3%,97%,94%,88%,3%,0%,2%,0%,0%,3%,8%,5%,2%,0%,1%,3%,13%,10%,9%,6%,5%,3%,4%,5%,10%,5%,4%,3%,5%
1914,"2,725",85,"2,640","2,509","2,216",254,2,29,0,8,131,5328,4644,684,2433,390,49,44,23,51,329,484,343,80,220,30,151,147,108,153,99,36,51,35,87%,13%,3%,97%,92%,81%,9%,0%,1%,0%,0%,5%,16%,2%,2%,1%,2%,12%,18%,13%,3%,8%,1%,6%,5%,4%,6%,4%,1%,2%,1%
1915,"2,005",55,"1,950","1,827","1,547",247,4,18,0,11,123,3627,3270,357,1931,224,16,0,0,0,403,479,244,37,63,73,137,79,142,90,35,89,38,6,90%,10%,3%,97%,91%,77%,12%,0%,1%,0%,1%,6%,12%,1%,0%,0%,0%,20%,24%,12%,2%,3%,4%,7%,4%,7%,4%,2%,4%,2%,0%
1916,"4,141",516,"3,625","3,430","2,763",570,7,67,0,23,195,6135,5559,576,3733,293,111,235,170,134,195,250,423,192,367,89,267,258,260,290,104,76,29,300,91%,9%,12%,88%,83%,67%,14%,0%,2%,0%,1%,5%,8%,3%,6%,4%,3%,5%,6%,10%,5%,9%,2%,6%,6%,6%,7%,3%,2%,1%,7%
1917,"3,391",121,"3,270","3,117","2,685",221,2,191,3,15,153,4863,4581,282,3581,317,346,216,68,170,226,248,428,249,170,246,199,249,206,132,148,68,124,89,94%,6%,4%,96%,92%,79%,7%,0%,6%,0%,0%,5%,9%,10%,6%,2%,5%,7%,7%,13%,7%,5%,7%,6%,7%,6%,4%,4%,2%,4%,3%
1918,"5,252",221,"5,031","4,797","4,422",248,3,89,0,35,234,7770,7308,462,5332,276,268,212,139,232,281,476,404,354,261,607,255,191,600,451,171,186,15,229,94%,6%,4%,96%,91%,84%,5%,0%,2%,0%,1%,4%,5%,5%,4%,3%,4%,5%,9%,8%,7%,5%,12%,5%,4%,11%,9%,3%,4%,0%,4%
1919,"2,177",69,"2,108","2,000","1,792",155,7,25,4,17,108,3219,2967,252,2183,208,102,55,54,131,151,396,81,129,223,57,152,106,101,74,114,99,125,33,92%,8%,3%,97%,92%,82%,7%,0%,1%,0%,1%,5%,10%,5%,3%,2%,6%,7%,18%,4%,6%,10%,3%,7%,5%,5%,3%,5%,5%,6%,2%
1920,"3,455",264,"3,191","2,991","2,562",314,0,90,1,24,200,5409,4857,552,3277,258,111,136,144,122,92,433,263,232,274,253,138,269,199,154,183,131,42,101,90%,10%,8%,92%,87%,74%,9%,0%,3%,0%,1%,6%,8%,3%,4%,4%,4%,3%,13%,8%,7%,8%,7%,4%,8%,6%,4%,5%,4%,1%,3%
2022,"2,550",89,"2,461","2,264","1,191",855,0,199,4,15,197,3708,3306,402,2475,420,51,84,9,146,115,349,187,267,26,147,118,391,229,156,64,33,82,21,89%,11%,3%,97%,89%,47%,34%,0%,8%,0%,1%,8%,17%,2%,3%,0%,6%,5%,14%,7%,10%,1%,6%,5%,15%,9%,6%,3%,1%,3%,1%
2023,"4,127",158,"3,969","3,767","3,162",190,6,385,0,24,202,6408,6084,324,3673,188,254,207,55,119,194,680,339,218,173,171,131,218,382,236,114,109,69,71,95%,5%,4%,96%,91%,77%,5%,0%,9%,0%,1%,5%,5%,6%,5%,1%,3%,5%,16%,8%,5%,4%,4%,3%,5%,9%,6%,3%,3%,2%,2%
2413,"3,395",122,"3,273","3,107","2,585",424,3,87,0,8,166,6675,5394,1281,3599,395,188,126,90,73,134,321,564,394,255,237,216,170,309,245,110,52,23,92,81%,19%,4%,96%,92%,76%,12%,0%,3%,0%,0%,5%,11%,6%,4%,3%,2%,4%,9%,17%,12%,8%,7%,6%,5%,9%,7%,3%,2%,1%,3%
2509,"1,140",26,"1,114","1,050",456,578,2,6,0,8,64,2013,1677,336,1155,302,51,55,29,152,70,88,187,132,75,59,18,76,65,11,36,27,0,24,83%,17%,2%,98%,92%,40%,51%,0%,1%,0%,1%,6%,26%,4%,5%,3%,13%,6%,8%,16%,12%,7%,5%,2%,7%,6%,1%,3%,2%,0%,2%
2602,"2,092",65,"2,027","1,910","1,216",664,0,25,0,5,117,3081,2730,351,2175,359,153,136,104,102,45,292,191,218,130,77,111,289,100,121,46,59,27,8,89%,11%,3%,97%,91%,58%,32%,0%,1%,0%,0%,6%,17%,7%,7%,5%,5%,2%,14%,9%,10%,6%,4%,5%,14%,5%,6%,2%,3%,1%,0%
2607,"1,653",67,"1,586","1,517",896,597,0,10,1,13,69,2388,2097,291,1627,247,33,83,125,52,147,196,106,79,116,116,55,290,35,116,47,21,19,2,88%,12%,4%,96%,92%,54%,36%,0%,1%,0%,1%,4%,15%,2%,5%,8%,3%,9%,12%,6%,5%,7%,7%,3%,18%,2%,7%,3%,1%,1%,0%
2613,"2,767",56,"2,711","2,603",840,"1,732",3,16,0,12,108,3228,2982,246,3136,1148,485,199,330,205,192,198,425,159,151,202,116,97,80,162,38,50,49,19,92%,8%,2%,98%,94%,30%,63%,0%,1%,0%,0%,4%,37%,18%,7%,12%,7%,7%,7%,15%,6%,5%,7%,4%,4%,3%,6%,1%,2%,2%,1%
2614,"2,241",81,"2,160","2,075",566,"1,476",4,5,2,22,85,3618,2973,645,1924,629,19,120,139,133,144,35,154,111,18,133,182,222,192,164,95,47,28,59,82%,18%,4%,96%,93%,25%,66%,0%,0%,0%,1%,4%,33%,1%,5%,6%,6%,6%,2%,7%,5%,1%,6%,8%,10%,9%,7%,4%,2%,1%,3%
2615,"1,524",49,"1,475","1,408",469,907,5,11,0,16,67,2610,2121,489,1710,251,62,102,158,133,224,102,125,138,146,121,42,35,45,143,67,18,72,13,81%,19%,3%,97%,92%,31%,60%,0%,1%,0%,1%,4%,15%,4%,7%,10%,9%,15%,7%,8%,9%,10%,8%,3%,2%,3%,9%,4%,1%,5%,1%
2620,"2,400",65,"2,335","2,215","1,533",634,3,15,0,30,120,3783,3261,522,2608,828,225,108,300,94,170,306,121,309,60,39,86,143,265,161,194,35,72,81,86%,14%,3%,97%,92%,64%,26%,0%,1%,0%,1%,5%,32%,9%,5%,13%,4%,7%,13%,5%,13%,3%,2%,4%,6%,11%,7%,8%,1%,3%,3%
2701,"2,578",93,"2,485","2,362","1,701",596,3,37,0,25,123,3678,3360,318,2485,84,144,45,78,110,118,150,262,261,166,140,284,40,200,225,112,100,18,38,91%,9%,4%,96%,92%,66%,23%,0%,1%,0%,1%,5%,3%,6%,2%,3%,4%,5%,6%,10%,10%,6%,5%,11%,2%,8%,9%,4%,4%,1%,1%
2703,"1,906",59,"1,847","1,758","1,042",686,1,21,0,8,89,2973,2679,294,2108,469,217,58,92,80,76,203,347,187,65,72,92,212,140,90,155,20,5,5,90%,10%,3%,97%,92%,55%,36%,0%,1%,0%,0%,5%,22%,11%,3%,5%,4%,4%,11%,18%,10%,3%,4%,5%,11%,7%,5%,8%,1%,0%,0%
2708,"2,621",73,"2,548","2,440","1,889",502,5,28,0,16,108,3972,3738,234,2348,136,118,70,142,24,103,240,168,252,178,162,239,243,142,123,79,41,44,48,94%,6%,3%,97%,93%,72%,19%,0%,1%,0%,1%,4%,6%,5%,3%,5%,1%,4%,9%,6%,10%,7%,6%,9%,9%,5%,5%,3%,2%,2%,2%
2716,"4,046",98,"3,948","3,693","1,686","1,904",7,57,3,36,255,6192,5211,981,4442,1287,258,147,494,251,224,104,520,236,348,155,290,271,609,271,152,38,17,57,84%,16%,2%,98%,91%,42%,47%,0%,1%,0%,1%,6%,29%,6%,4%,12%,6%,6%,3%,13%,6%,9%,4%,7%,7%,15%,7%,4%,1%,0%,1%
2814,"2,552",65,"2,487","2,289","1,245",951,5,52,0,36,198,3360,3111,249,2559,814,313,94,189,77,152,202,161,171,280,165,80,194,184,86,72,50,66,23,93%,7%,3%,97%,90%,49%,37%,0%,2%,0%,1%,8%,32%,12%,4%,7%,3%,6%,8%,6%,7%,11%,6%,3%,8%,7%,3%,3%,2%,3%,1%
2815,"1,447",30,"1,417","1,344","1,012",303,3,15,0,11,73,2112,1929,183,1483,225,126,115,146,110,30,127,45,103,166,89,64,75,106,76,51,13,32,9,91%,9%,2%,98%,93%,70%,21%,0%,1%,0%,1%,5%,15%,9%,8%,10%,8%,2%,9%,3%,7%,11%,6%,4%,5%,7%,5%,4%,1%,2%,1%
2901,"2,130",92,"2,038","1,908","1,424",347,16,109,1,11,130,3096,2733,363,1789,267,98,64,89,184,77,95,185,82,209,99,100,102,110,119,104,40,18,14,88%,12%,4%,96%,90%,67%,16%,1%,5%,0%,1%,6%,15%,5%,3%,4%,9%,4%,4%,9%,4%,10%,5%,5%,5%,5%,6%,5%,2%,1%,1%
2902,"4,141",157,"3,984","3,744","2,647",708,2,354,1,32,240,5907,5259,648,4043,775,171,141,192,167,342,301,383,118,240,232,202,238,521,257,201,178,22,137,89%,11%,4%,96%,90%,64%,17%,0%,9%,0%,1%,6%,19%,4%,3%,5%,4%,8%,7%,9%,3%,6%,6%,5%,6%,13%,6%,5%,4%,1%,3%
2904,"4,019",154,"3,865","3,676","2,896",588,3,170,0,19,189,6048,5430,618,3447,422,173,117,137,149,144,351,340,303,150,143,328,223,244,237,203,132,65,43,90%,10%,4%,96%,91%,72%,15%,0%,4%,0%,0%,5%,12%,4%,3%,3%,4%,4%,9%,8%,8%,4%,4%,8%,6%,6%,6%,5%,3%,2%,1%
3001,"3,493",157,"3,336","3,061","1,138","1,776",17,89,0,41,275,5142,4083,1059,3680,1132,148,310,226,337,478,231,410,314,158,251,160,49,195,285,95,30,7,37,79%,21%,4%,96%,88%,33%,51%,0%,3%,0%,1%,8%,31%,4%,9%,6%,10%,14%,7%,12%,9%,5%,7%,5%,1%,6%,8%,3%,1%,0%,1%
3102,"3,155",65,"3,090","2,959","2,750",167,2,35,0,5,131,4689,4242,447,3288,438,198,81,207,152,147,120,245,119,376,159,229,303,283,162,134,149,104,127,90%,10%,2%,98%,94%,87%,5%,0%,1%,0%,0%,4%,13%,6%,3%,7%,5%,5%,4%,8%,4%,12%,5%,7%,10%,9%,5%,4%,5%,3%,4%
3204,"1,870",46,"1,824","1,734","1,532",152,5,26,0,19,90,2691,2451,240,1842,305,103,40,67,74,63,136,145,172,76,77,112,185,146,109,177,56,51,53,91%,9%,2%,98%,93%,82%,8%,0%,1%,0%,1%,5%,17%,6%,2%,4%,4%,3%,7%,8%,9%,4%,4%,6%,10%,8%,6%,9%,3%,3%,3%
3206,"2,243",54,"2,189","2,092","1,874",165,2,38,0,13,97,3156,2982,174,2202,162,69,99,62,228,113,144,342,87,90,174,146,129,170,135,41,93,27,53,94%,6%,2%,98%,93%,84%,7%,0%,2%,0%,1%,4%,7%,3%,4%,3%,10%,5%,6%,15%,4%,4%,8%,7%,6%,8%,6%,2%,4%,1%,2%
3207,"1,613",64,"1,549","1,487","1,422",47,1,12,0,5,62,2328,2160,168,1765,111,74,111,138,78,114,147,267,75,78,56,156,104,112,65,104,41,20,25,93%,7%,4%,96%,92%,88%,3%,0%,1%,0%,0%,4%,6%,5%,7%,9%,5%,7%,9%,17%,5%,5%,3%,10%,6%,7%,4%,6%,3%,1%,2%
4011,"4,601",44,"4,557","4,414","4,245",89,3,62,0,15,143,6837,6420,417,4464,353,44,37,149,367,138,177,283,204,211,300,206,256,749,421,318,356,112,158,94%,6%,1%,99%,96%,92%,2%,0%,1%,0%,0%,3%,8%,1%,1%,3%,8%,3%,4%,6%,4%,5%,7%,4%,6%,16%,9%,7%,8%,2%,3%
4012,"2,911",77,"2,834","2,630","2,287",287,6,29,0,21,204,4944,4110,834,2653,362,122,89,170,246,92,147,144,247,87,184,256,204,191,201,26,116,61,70,83%,17%,3%,97%,90%,79%,10%,0%,1%,0%,1%,7%,14%,4%,3%,6%,8%,3%,5%,5%,8%,3%,6%,9%,7%,7%,7%,1%,4%,2%,2%
4013,"2,645",27,"2,618","2,497","2,428",42,2,17,1,7,121,3699,3447,252,2842,216,231,168,48,153,144,259,148,248,139,122,148,177,356,217,139,61,55,70,93%,7%,1%,99%,94%,92%,2%,0%,1%,0%,0%,5%,8%,9%,6%,2%,6%,5%,10%,6%,9%,5%,5%,6%,7%,13%,8%,5%,2%,2%,3%
4020,"3,240",63,"3,177","2,995","2,748",218,5,19,1,4,182,5025,4482,543,3083,365,144,89,123,86,198,150,191,205,225,163,207,423,241,334,260,46,59,59,89%,11%,2%,98%,92%,85%,7%,0%,1%,0%,0%,6%,12%,4%,3%,4%,3%,6%,5%,6%,6%,7%,5%,6%,13%,7%,10%,8%,1%,2%,2%
4035,"4,352",96,"4,256","3,956","3,553",348,4,24,0,27,300,7002,5988,1014,4286,844,274,243,174,203,196,322,301,187,234,201,261,380,470,271,283,51,40,195,86%,14%,2%,98%,91%,82%,8%,0%,1%,0%,1%,7%,20%,6%,6%,4%,5%,5%,7%,7%,4%,5%,5%,6%,9%,11%,6%,7%,1%,1%,4%
4040,"1,490",15,"1,475","1,380","1,318",41,2,11,0,8,95,2334,1974,360,1394,187,77,88,117,49,58,52,80,76,101,139,131,92,97,96,60,15,44,27,85%,15%,1%,99%,93%,88%,3%,0%,1%,0%,1%,6%,13%,5%,6%,8%,3%,4%,3%,5%,5%,7%,9%,9%,6%,7%,6%,4%,1%,3%,2%
4050,"1,161",16,"1,145","1,101","1,090",2,3,6,0,0,44,1605,1497,108,1097,89,12,76,40,60,56,64,73,47,63,55,45,164,95,82,65,31,16,53,93%,7%,1%,99%,95%,94%,0%,0%,1%,0%,0%,4%,8%,1%,7%,3%,5%,5%,6%,6%,4%,5%,5%,4%,14%,8%,7%,6%,3%,1%,5%
4060,"2,210",18,"2,192","2,143","2,116",7,0,10,1,9,49,3096,2931,165,2194,232,106,176,111,70,79,58,96,137,257,160,119,127,219,195,115,56,52,61,95%,5%,1%,99%,97%,96%,0%,0%,0%,0%,0%,2%,11%,5%,8%,5%,3%,4%,3%,4%,6%,12%,7%,5%,6%,10%,9%,5%,3%,2%,3%
4100,"1,183",25,"1,158","1,118","1,087",5,3,15,1,7,40,1515,1461,54,1204,24,70,74,109,95,22,3,27,129,63,68,88,111,79,49,79,69,47,22,96%,4%,2%,98%,95%,92%,0%,0%,1%,0%,1%,3%,2%,6%,6%,9%,8%,2%,0%,2%,11%,5%,6%,7%,9%,7%,4%,7%,6%,4%,2%
4131,"6,998",190,"6,808","6,615","5,742",122,11,723,4,13,193,8595,8367,228,6533,234,370,342,509,488,279,288,221,692,407,365,412,564,487,359,316,214,249,136,97%,3%,3%,97%,95%,82%,2%,0%,10%,0%,0%,3%,4%,5%,5%,7%,7%,4%,4%,3%,10%,6%,5%,6%,8%,7%,5%,5%,3%,4%,2%
4133,"4,876",72,"4,804","4,644","4,388",46,5,199,0,6,160,5811,5646,165,4361,121,206,297,294,129,92,147,192,225,461,322,182,335,341,278,383,331,186,117,97%,3%,1%,99%,95%,90%,1%,0%,4%,0%,0%,3%,3%,4%,6%,6%,3%,2%,3%,4%,5%,9%,7%,4%,7%,7%,6%,8%,7%,4%,2%
4134,"4,517",93,"4,424","4,255","3,902",60,2,277,1,13,169,5295,5160,135,4476,32,321,303,400,156,78,160,177,335,427,297,210,262,447,274,188,128,82,231,97%,3%,2%,98%,94%,86%,1%,0%,6%,0%,0%,4%,1%,7%,7%,9%,3%,2%,4%,4%,7%,9%,7%,5%,6%,10%,6%,4%,3%,2%,5%
4135,"6,621",160,"6,461","6,280","5,487",247,0,527,0,19,181,9654,8850,804,6382,418,194,211,200,647,604,946,295,505,345,439,517,414,355,374,246,182,150,297,92%,8%,2%,98%,95%,83%,4%,0%,8%,0%,0%,3%,7%,3%,3%,3%,10%,9%,14%,4%,8%,5%,7%,8%,6%,5%,6%,4%,3%,2%,4%
4142,"5,936",104,"5,832","5,659","5,487",31,1,131,0,9,173,7053,6768,285,5673,229,606,333,238,299,140,337,306,381,510,433,247,478,321,607,201,167,73,74,96%,4%,2%,98%,95%,92%,1%,0%,2%,0%,0%,3%,4%,10%,6%,4%,5%,2%,6%,5%,6%,9%,7%,4%,8%,5%,10%,3%,3%,1%,1%
4160,"1,540",24,"1,516","1,463","1,443",10,3,3,0,4,53,2457,2238,219,1515,147,55,39,45,73,53,86,89,59,52,71,150,112,224,125,133,62,47,40,91%,9%,2%,98%,95%,94%,1%,0%,0%,0%,0%,3%,10%,4%,3%,3%,5%,3%,6%,6%,4%,3%,5%,10%,7%,15%,8%,9%,4%,3%,3%
4171,"2,166",38,"2,128","2,035","1,997",15,0,2,0,21,93,3132,2928,204,2136,81,99,79,83,100,21,84,151,115,129,81,176,143,314,301,88,50,72,69,93%,7%,2%,98%,94%,92%,1%,0%,0%,0%,1%,4%,4%,5%,4%,4%,5%,1%,4%,7%,5%,6%,4%,8%,7%,14%,14%,4%,2%,3%,3%
4172,"1,234",11,"1,223","1,160","1,119",32,3,0,0,6,63,2082,1896,186,1200,105,74,69,60,53,69,104,24,94,49,55,32,154,91,91,58,76,33,14,91%,9%,1%,99%,94%,91%,3%,0%,0%,0%,0%,5%,9%,6%,6%,5%,4%,6%,8%,2%,8%,4%,4%,3%,12%,7%,7%,5%,6%,3%,1%
4180,"1,672",26,"1,646","1,567","1,554",1,0,9,0,3,79,2550,2415,135,1704,110,81,65,85,53,61,161,118,108,77,116,95,107,93,143,97,136,50,58,95%,5%,2%,98%,94%,93%,0%,0%,1%,0%,0%,5%,6%,5%,4%,5%,3%,4%,10%,7%,6%,5%,7%,6%,6%,6%,9%,6%,8%,3%,3%
4190,"3,133",46,"3,087","2,989","2,887",37,2,55,0,8,98,5163,4542,621,2883,328,123,96,93,91,106,175,272,104,102,103,125,261,362,415,163,249,134,119,88%,12%,1%,99%,95%,92%,1%,0%,2%,0%,0%,3%,11%,4%,3%,3%,3%,3%,6%,9%,3%,3%,3%,4%,8%,12%,13%,5%,8%,4%,4%
4200,"1,454",35,"1,419","1,359","1,182",68,0,102,0,7,60,2766,2553,213,1469,304,43,24,55,63,35,82,141,58,59,132,86,153,85,107,169,55,90,32,92%,8%,2%,98%,93%,81%,5%,0%,7%,0%,0%,4%,21%,3%,2%,4%,4%,2%,6%,10%,4%,4%,9%,6%,11%,6%,7%,12%,4%,6%,2%
4211,"4,969",150,"4,819","4,628","4,021",101,2,468,0,36,191,6675,6135,540,4874,185,495,276,296,162,19,150,394,389,219,394,224,297,393,428,203,148,152,355,92%,8%,3%,97%,93%,81%,2%,0%,9%,0%,1%,4%,4%,10%,6%,6%,3%,0%,3%,8%,8%,4%,8%,5%,6%,8%,9%,4%,3%,3%,7%
4212,"4,315",116,"4,199","4,057","3,766",53,0,225,0,13,142,5463,5196,267,4144,154,175,154,352,169,230,133,170,264,287,235,275,350,322,331,221,235,118,131,95%,5%,3%,97%,94%,87%,1%,0%,5%,0%,0%,3%,4%,4%,4%,8%,4%,5%,3%,4%,6%,7%,5%,6%,8%,7%,8%,5%,5%,3%,3%
4220,"5,343",151,"5,192","5,017","4,548",59,0,398,0,12,175,5871,5502,369,5264,68,173,373,489,565,123,149,114,254,300,403,589,328,362,454,306,176,63,43,94%,6%,3%,97%,94%,85%,1%,0%,7%,0%,0%,3%,1%,3%,7%,9%,11%,2%,3%,2%,5%,6%,8%,11%,6%,7%,8%,6%,3%,1%,1%
4230,"2,916",93,"2,823","2,723","2,487",56,1,172,0,7,100,4434,4101,333,2859,47,331,254,245,97,44,64,273,453,193,150,154,102,84,170,83,78,40,51,92%,8%,3%,97%,93%,85%,2%,0%,6%,0%,0%,3%,2%,11%,9%,8%,3%,2%,2%,9%,16%,7%,5%,5%,3%,3%,6%,3%,3%,1%,2%
4240,"3,187",115,"3,072","2,912","2,469",362,3,60,0,18,160,5553,4842,711,3131,559,151,139,69,321,185,315,288,160,177,227,133,159,324,174,108,78,25,113,87%,13%,4%,96%,91%,77%,11%,0%,2%,0%,1%,5%,18%,5%,4%,2%,10%,6%,10%,9%,5%,6%,7%,4%,5%,10%,5%,3%,2%,1%,4%
4250,"3,437",115,"3,322","3,172","2,968",141,2,36,3,22,150,5418,4887,531,3383,536,230,168,128,83,153,222,272,271,219,110,170,377,271,262,168,146,38,95,90%,10%,3%,97%,92%,86%,4%,0%,1%,0%,1%,4%,16%,7%,5%,4%,2%,4%,6%,8%,8%,6%,3%,5%,11%,8%,8%,5%,4%,1%,3%
4263,"5,982",91,"5,891","5,738","5,620",67,1,33,0,17,153,7629,7404,225,6071,281,365,301,359,231,111,340,464,539,450,235,241,436,510,450,439,205,100,339,97%,3%,2%,98%,96%,94%,1%,0%,1%,0%,0%,3%,5%,6%,5%,6%,4%,2%,6%,8%,9%,8%,4%,4%,7%,9%,8%,7%,3%,2%,6%
4264,"4,435",64,"4,371","4,216","4,132",37,0,31,0,16,155,6348,6117,231,4162,337,210,227,224,117,125,253,409,405,127,123,280,314,388,419,205,173,102,61,96%,4%,1%,99%,95%,93%,1%,0%,1%,0%,0%,3%,8%,5%,5%,5%,3%,3%,6%,9%,9%,3%,3%,6%,7%,9%,9%,5%,4%,2%,1%
4267,"2,303",62,"2,241","2,181","2,093",24,5,53,0,6,60,3636,3477,159,2260,103,114,70,130,46,87,140,232,125,87,161,107,123,158,180,172,162,78,88,96%,4%,3%,97%,95%,91%,1%,0%,2%,0%,0%,3%,5%,5%,3%,6%,2%,4%,6%,10%,5%,4%,7%,5%,5%,7%,8%,7%,7%,3%,4%
4268,"5,150",75,"5,075","4,941","4,801",44,0,78,0,18,134,6312,6153,159,5235,115,162,195,330,408,212,239,211,248,346,225,335,509,362,493,480,256,175,49,97%,3%,1%,99%,96%,93%,1%,0%,2%,0%,0%,3%,2%,3%,4%,6%,8%,4%,5%,4%,5%,7%,4%,7%,10%,7%,10%,9%,5%,3%,1%
4270,"3,376",115,"3,261","3,099","2,947",120,7,19,0,6,162,6114,5277,837,3333,551,28,64,126,263,321,192,410,260,121,98,355,196,428,224,123,45,48,31,86%,14%,3%,97%,92%,87%,4%,0%,1%,0%,0%,5%,17%,1%,2%,4%,8%,10%,6%,12%,8%,4%,3%,11%,6%,13%,7%,4%,1%,1%,1%
4271,"5,340",92,"5,248","5,110","4,989",43,6,60,0,12,138,6780,6612,168,5321,189,302,232,222,201,246,317,591,377,155,295,542,338,418,592,289,130,80,15,98%,2%,2%,98%,96%,93%,1%,0%,1%,0%,0%,3%,4%,6%,4%,4%,4%,5%,6%,11%,7%,3%,6%,10%,6%,8%,11%,5%,2%,1%,0%
4272,"4,922",80,"4,842","4,685","4,531",74,6,61,0,13,157,7353,6723,630,4606,239,106,184,61,197,285,449,556,270,238,276,208,315,364,333,71,404,158,145,91%,9%,2%,98%,95%,92%,2%,0%,1%,0%,0%,3%,5%,2%,4%,1%,4%,6%,9%,11%,5%,5%,6%,4%,6%,7%,7%,1%,8%,3%,3%
4281,"1,187",21,"1,166","1,116","1,093",11,2,6,0,4,50,1767,1569,198,1103,18,33,21,27,64,16,112,87,49,83,31,39,79,195,89,77,14,40,52,89%,11%,2%,98%,94%,92%,1%,0%,1%,0%,0%,4%,2%,3%,2%,2%,5%,1%,9%,7%,4%,7%,3%,3%,7%,16%,7%,6%,1%,3%,4%
4282,"2,068",16,"2,052","1,991","1,925",36,0,13,1,16,61,2943,2805,138,2083,170,88,133,91,69,85,117,145,137,194,96,101,229,128,156,133,77,45,68,95%,5%,1%,99%,96%,93%,2%,0%,1%,0%,1%,3%,8%,4%,6%,4%,3%,4%,6%,7%,7%,9%,5%,5%,11%,6%,8%,6%,4%,2%,3%
4291,"2,607",45,"2,562","2,440","2,224",132,2,74,1,7,122,3747,3501,246,2444,165,142,83,52,170,74,229,270,169,131,134,241,114,87,174,139,114,58,88,93%,7%,2%,98%,94%,85%,5%,0%,3%,0%,0%,5%,7%,5%,3%,2%,7%,3%,9%,10%,6%,5%,5%,9%,4%,3%,7%,5%,4%,2%,3%
4293,"6,546",101,"6,445","6,253","5,840",152,0,242,0,19,192,8871,8616,255,6516,416,626,290,346,388,124,306,619,590,325,368,301,288,617,365,448,207,168,345,97%,3%,2%,98%,96%,89%,2%,0%,4%,0%,0%,3%,6%,10%,4%,5%,6%,2%,5%,9%,9%,5%,6%,5%,4%,9%,6%,7%,3%,3%,5%
4294,"4,498",92,"4,406","4,227","4,090",61,0,61,0,15,179,6057,5877,180,4379,370,416,183,272,98,304,135,449,334,251,102,278,251,417,344,240,140,53,112,97%,3%,2%,98%,94%,91%,1%,0%,1%,0%,0%,4%,8%,9%,4%,6%,2%,7%,3%,10%,7%,6%,2%,6%,6%,9%,8%,5%,3%,1%,2%
4295,"4,412",105,"4,307","4,170","3,716",180,3,264,0,7,137,7944,7428,516,4363,318,128,204,119,255,53,355,501,405,309,180,143,189,478,462,290,92,119,137,94%,6%,2%,98%,95%,84%,4%,0%,6%,0%,0%,3%,7%,3%,5%,3%,6%,1%,8%,11%,9%,7%,4%,3%,4%,11%,10%,7%,2%,3%,3%
4296,"3,588",72,"3,516","3,353","3,068",151,6,113,0,15,163,5301,5073,228,3551,238,273,182,166,148,125,343,416,223,277,130,286,140,225,165,234,149,89,23,96%,4%,2%,98%,93%,86%,4%,0%,3%,0%,0%,5%,7%,8%,5%,5%,4%,3%,10%,12%,6%,8%,4%,8%,4%,6%,5%,7%,4%,2%,1%
4297,"2,370",26,"2,344","2,265","2,131",92,0,24,0,18,79,3393,3201,192,2123,228,63,125,142,59,113,94,134,99,183,53,183,132,106,180,152,79,94,157,94%,6%,1%,99%,96%,90%,4%,0%,1%,0%,1%,3%,11%,3%,5%,6%,2%,5%,4%,6%,4%,8%,2%,8%,6%,4%,8%,6%,3%,4%,7%
4301,"2,134",53,"2,081","1,985","1,876",67,5,24,3,10,96,2991,2820,171,1936,324,70,111,64,50,104,156,214,179,183,108,70,105,141,251,72,31,26,7,94%,6%,2%,98%,93%,88%,3%,0%,1%,0%,0%,4%,17%,3%,5%,3%,2%,5%,7%,10%,8%,9%,5%,3%,5%,7%,12%,3%,1%,1%,0%
4302,"4,551",124,"4,427","4,246","4,057",121,2,55,0,11,181,6600,6231,369,4640,123,262,278,160,189,383,325,366,345,320,305,385,247,403,170,217,101,49,135,94%,6%,3%,97%,93%,89%,3%,0%,1%,0%,0%,4%,3%,6%,6%,4%,4%,8%,7%,8%,8%,7%,7%,8%,5%,9%,4%,5%,2%,1%,3%
4311,"3,253",88,"3,165","2,976","2,421",471,5,58,2,19,189,5562,5139,423,3192,320,222,190,50,72,133,282,454,364,208,114,125,170,217,288,80,127,48,48,92%,8%,3%,97%,91%,74%,14%,0%,2%,0%,1%,6%,10%,7%,6%,2%,2%,4%,9%,14%,11%,6%,4%,4%,5%,7%,9%,2%,4%,1%,1%
4314,"1,893",57,"1,836","1,730","1,520",182,0,25,1,2,106,2949,2688,261,1892,67,122,81,136,78,87,238,149,186,157,107,95,121,67,29,105,63,9,66,91%,9%,3%,97%,91%,80%,10%,0%,1%,0%,0%,6%,4%,6%,4%,7%,4%,5%,13%,8%,10%,8%,6%,5%,6%,4%,2%,6%,3%,0%,3%
4315,"3,165",99,"3,066","2,899","2,475",360,6,44,0,14,167,5664,5205,459,3098,465,280,127,52,37,108,598,301,409,93,155,141,100,239,156,190,24,53,35,92%,8%,3%,97%,92%,78%,11%,0%,1%,0%,0%,5%,15%,9%,4%,2%,1%,3%,19%,10%,13%,3%,5%,4%,3%,8%,5%,6%,1%,2%,1%
4323,"2,183",66,"2,117","2,021","1,795",202,4,13,0,7,96,3846,3627,219,2253,284,108,25,130,65,158,210,107,186,131,82,36,123,232,149,138,201,87,144,94%,6%,3%,97%,93%,82%,9%,0%,1%,0%,0%,4%,13%,5%,1%,6%,3%,7%,10%,5%,9%,6%,4%,2%,6%,11%,7%,6%,9%,4%,7%
4324,"2,579",70,"2,509","2,386","1,993",324,5,45,2,17,123,4398,4005,393,2377,355,62,78,53,63,167,364,165,159,128,119,153,156,184,190,167,58,9,102,91%,9%,3%,97%,93%,77%,13%,0%,2%,0%,1%,5%,15%,2%,3%,2%,2%,6%,14%,6%,6%,5%,5%,6%,6%,7%,7%,6%,2%,0%,4%
4340,"1,918",51,"1,867","1,777","1,674",72,4,23,3,1,90,2391,2244,147,1919,139,133,121,136,114,56,114,186,160,146,126,110,91,122,94,72,102,25,11,94%,6%,3%,97%,93%,87%,4%,0%,1%,0%,0%,5%,7%,7%,6%,7%,6%,3%,6%,10%,8%,8%,7%,6%,5%,6%,5%,4%,5%,1%,1%
4350,"2,525",92,"2,433","2,306","2,142",102,4,47,0,11,127,3681,3507,174,2323,301,157,99,186,161,87,157,202,258,129,177,130,155,152,130,101,90,32,55,95%,5%,4%,96%,91%,85%,4%,0%,2%,0%,0%,5%,13%,6%,4%,7%,6%,3%,6%,8%,10%,5%,7%,5%,6%,6%,5%,4%,4%,1%,2%
4370,"7,178",133,"7,045","6,841","6,432",140,3,234,4,28,204,8631,8244,387,7071,253,541,591,403,376,278,176,343,730,418,443,576,439,240,463,548,220,254,105,96%,4%,2%,98%,95%,90%,2%,0%,3%,0%,0%,3%,4%,8%,8%,6%,5%,4%,2%,5%,10%,6%,6%,8%,6%,3%,6%,8%,3%,4%,1%
4390,"1,505",39,"1,466","1,424","1,359",26,0,22,3,14,42,1740,1650,90,1650,127,79,92,156,68,42,91,130,122,64,152,98,127,94,139,74,27,59,36,95%,5%,3%,97%,95%,90%,2%,0%,1%,0%,1%,3%,8%,5%,6%,10%,5%,3%,6%,9%,8%,4%,10%,7%,8%,6%,9%,5%,2%,4%,2%
4455,"3,907",128,"3,779","3,590","3,301",195,6,71,1,16,189,6024,5328,696,3850,269,273,316,142,265,165,231,282,288,201,185,337,237,218,149,130,159,78,194,88%,12%,3%,97%,92%,84%,5%,0%,2%,0%,0%,5%,7%,7%,8%,4%,7%,4%,6%,7%,7%,5%,5%,9%,6%,6%,4%,3%,4%,2%,5%
4460,"1,669",56,"1,613","1,559","1,518",13,0,22,0,6,54,1920,1803,117,1582,45,99,102,122,109,73,27,53,107,127,76,110,130,119,100,64,63,57,44,94%,6%,3%,97%,93%,91%,1%,0%,1%,0%,0%,3%,3%,6%,6%,7%,7%,4%,2%,3%,6%,8%,5%,7%,8%,7%,6%,4%,4%,3%,3%
4470,"1,624",59,"1,565","1,498","1,396",55,2,35,0,10,67,1899,1794,105,1566,72,148,109,99,84,69,153,82,134,121,84,84,74,100,69,39,52,53,16,94%,6%,4%,96%,92%,86%,3%,0%,2%,0%,1%,4%,5%,9%,7%,6%,5%,4%,9%,5%,8%,7%,5%,5%,5%,6%,4%,2%,3%,3%,1%
4480,"1,162",43,"1,119","1,023",904,94,2,23,0,0,96,1836,1626,210,1090,44,43,53,70,69,26,27,45,96,131,98,54,32,84,106,65,46,32,13,89%,11%,4%,96%,88%,78%,8%,0%,2%,0%,0%,8%,4%,4%,5%,6%,6%,2%,2%,4%,8%,11%,8%,5%,3%,7%,9%,6%,4%,3%,1%
4490,"2,488",57,"2,431","2,333","2,191",91,8,37,0,6,98,3345,3102,243,2310,116,63,101,164,142,42,126,131,89,120,102,148,271,215,276,99,49,101,71,93%,7%,2%,98%,94%,88%,4%,0%,1%,0%,0%,4%,5%,3%,4%,7%,6%,2%,5%,5%,4%,5%,4%,6%,11%,9%,11%,4%,2%,4%,3%
4507,"3,033",151,"2,882","2,698","2,412",247,3,15,1,20,184,4938,4464,474,2901,454,124,86,179,172,210,252,201,238,298,182,107,94,154,133,184,168,76,43,90%,10%,5%,95%,89%,80%,8%,0%,0%,0%,1%,6%,16%,4%,3%,6%,6%,7%,8%,7%,8%,10%,6%,4%,3%,5%,4%,6%,6%,3%,1%
4508,"2,526",192,"2,334","2,167","1,752",382,8,12,0,13,167,4242,3744,498,2563,370,91,153,237,119,47,231,220,231,195,72,181,122,115,170,272,43,28,36,88%,12%,8%,92%,86%,69%,15%,0%,0%,0%,1%,7%,14%,4%,6%,9%,5%,2%,9%,9%,9%,8%,3%,7%,5%,5%,7%,11%,2%,1%,1%
4513,"7,810",177,"7,633","7,357","6,780",182,2,363,3,27,276,9729,9087,642,7094,229,204,486,595,324,194,258,169,463,475,252,471,745,494,545,595,345,351,142,93%,7%,2%,98%,94%,87%,2%,0%,5%,0%,0%,4%,3%,3%,6%,8%,4%,2%,3%,2%,6%,6%,3%,6%,10%,6%,7%,8%,4%,4%,2%
4520,"6,372",167,"6,205","5,980","5,698",144,0,104,3,31,225,8136,7734,402,6384,133,443,397,235,123,603,277,501,703,213,264,396,435,811,371,305,182,114,69,95%,5%,3%,97%,94%,89%,2%,0%,2%,0%,0%,4%,2%,7%,6%,4%,2%,9%,4%,8%,11%,3%,4%,6%,7%,13%,6%,5%,3%,2%,1%
4550,"1,475",17,"1,458","1,376","1,343",24,1,7,0,1,82,2073,1935,138,1456,122,78,66,66,62,34,96,137,105,106,97,138,63,122,74,92,65,14,50,93%,7%,1%,99%,93%,91%,2%,0%,0%,0%,0%,6%,8%,5%,4%,4%,4%,2%,7%,9%,7%,7%,7%,9%,4%,8%,5%,6%,4%,1%,3%
4571,"1,406",35,"1,371","1,312","1,238",52,0,18,0,4,59,2397,2241,156,1441,184,76,38,67,49,63,124,191,71,97,72,98,108,78,144,53,93,30,5,93%,7%,2%,98%,93%,88%,4%,0%,1%,0%,0%,4%,13%,5%,3%,5%,3%,4%,9%,14%,5%,7%,5%,7%,8%,6%,10%,4%,7%,2%,0%
4572,"3,398",75,"3,323","3,193","2,989",146,2,42,0,14,130,5364,4917,447,3275,304,165,145,132,216,139,223,238,316,235,168,278,157,151,184,212,91,129,101,92%,8%,2%,98%,94%,88%,4%,0%,1%,0%,0%,4%,9%,5%,4%,4%,6%,4%,7%,7%,9%,7%,5%,8%,5%,4%,5%,6%,3%,4%,3%
4610,"1,108",61,"1,047",979,877,87,5,8,2,0,68,1911,1743,168,1031,122,52,33,34,67,40,52,44,114,86,49,49,67,97,79,77,46,28,17,91%,9%,6%,94%,88%,79%,8%,0%,1%,0%,0%,6%,12%,5%,3%,3%,6%,4%,5%,4%,10%,8%,4%,4%,6%,9%,7%,7%,4%,3%,2%
4621,"2,524",90,"2,434","2,310","1,613",648,1,29,0,19,124,3993,3468,525,2534,872,207,76,282,262,77,145,317,34,159,100,208,188,128,104,123,60,68,45,87%,13%,4%,96%,92%,64%,26%,0%,1%,0%,1%,5%,34%,8%,3%,11%,10%,3%,6%,13%,1%,6%,4%,8%,7%,5%,4%,5%,2%,3%,2%
4626,"3,902",129,"3,773","3,510","2,169","1,284",10,21,0,26,263,6009,5115,894,3742,767,391,105,222,295,208,336,257,221,168,340,240,245,177,189,219,0,87,42,85%,15%,3%,97%,90%,56%,33%,0%,1%,0%,1%,7%,20%,10%,3%,6%,8%,5%,9%,7%,6%,4%,9%,6%,6%,5%,5%,6%,0%,2%,1%
4639,"2,712",58,"2,654","2,488","1,548",892,8,18,1,21,166,4329,3696,633,2944,557,127,73,235,223,77,197,234,153,246,182,209,326,289,120,85,125,92,22,85%,15%,2%,98%,92%,57%,33%,0%,1%,0%,1%,6%,19%,5%,3%,9%,8%,3%,7%,9%,6%,9%,7%,8%,12%,11%,4%,3%,5%,3%,1%
4643,"3,391",59,"3,332","3,143","2,771",305,9,42,0,16,189,4947,4647,300,3334,526,169,260,183,148,137,127,387,224,242,222,107,228,246,313,187,82,16,56,94%,6%,2%,98%,93%,82%,9%,0%,1%,0%,0%,6%,16%,5%,8%,5%,4%,4%,4%,11%,7%,7%,7%,3%,7%,7%,9%,6%,2%,0%,2%
4644,"3,208",71,"3,137","2,927","1,306","1,534",6,57,1,23,210,5256,4428,828,2744,1328,172,185,119,99,46,151,236,325,98,119,87,312,180,214,252,45,31,141,84%,16%,2%,98%,91%,41%,48%,0%,2%,0%,1%,7%,48%,5%,6%,4%,3%,1%,5%,7%,10%,3%,4%,3%,10%,6%,7%,8%,1%,1%,4%
4656,"2,494",62,"2,432","2,311","1,949",301,0,50,1,10,121,4170,3930,240,2365,229,122,35,34,117,185,175,253,203,104,114,124,135,87,294,148,178,0,58,94%,6%,2%,98%,93%,78%,12%,0%,2%,0%,0%,5%,10%,5%,1%,1%,5%,7%,7%,10%,8%,4%,5%,5%,5%,3%,12%,6%,7%,0%,2%
4658,"3,605",112,"3,493","3,325","3,056",217,0,34,0,18,168,5373,4986,387,3619,272,141,182,128,218,209,197,332,251,201,275,266,144,576,194,216,54,12,33,93%,7%,3%,97%,92%,85%,6%,0%,1%,0%,0%,5%,8%,4%,5%,4%,6%,6%,5%,9%,7%,6%,8%,7%,4%,16%,5%,6%,1%,0%,1%
4687,"1,670",31,"1,639","1,547","1,426",98,0,15,0,8,92,2682,2427,255,1810,216,140,83,46,39,152,164,200,55,80,44,142,116,153,171,83,46,48,49,90%,10%,2%,98%,93%,85%,6%,0%,1%,0%,0%,6%,12%,8%,5%,3%,2%,9%,10%,12%,3%,5%,3%,9%,7%,9%,10%,5%,3%,3%,3%
4688,"2,553",76,"2,477","2,361","2,046",186,0,109,2,18,116,4230,3960,270,2547,196,107,111,65,50,107,221,214,379,162,99,137,88,288,278,62,134,12,45,94%,6%,3%,97%,92%,80%,7%,0%,4%,0%,1%,5%,8%,4%,4%,3%,2%,4%,9%,8%,15%,6%,4%,5%,3%,11%,11%,2%,5%,0%,2%
4689,"3,911",112,"3,799","3,548","2,876",278,9,362,0,23,251,6123,5616,507,3645,429,351,214,106,92,64,209,354,368,110,235,227,167,385,211,229,138,55,130,92%,8%,3%,97%,91%,74%,7%,0%,9%,0%,1%,6%,12%,9%,5%,3%,2%,2%,5%,9%,9%,3%,6%,6%,4%,10%,5%,6%,4%,1%,3%
4690,"4,941",117,"4,824","4,643","4,175",143,0,312,0,13,181,7335,6909,426,4838,455,269,200,181,168,105,476,353,387,255,316,175,417,354,512,291,99,175,123,94%,6%,2%,98%,94%,84%,3%,0%,6%,0%,0%,4%,9%,5%,4%,4%,3%,2%,10%,7%,8%,5%,6%,4%,8%,7%,10%,6%,2%,4%,2%
4703,"4,317",66,"4,251","4,128","3,861",95,1,165,0,6,123,5826,5448,378,3584,49,136,160,109,63,215,108,253,186,172,145,296,306,427,226,204,267,236,420,94%,6%,2%,98%,96%,89%,2%,0%,4%,0%,0%,3%,1%,3%,4%,3%,1%,5%,3%,6%,4%,4%,3%,7%,7%,10%,5%,5%,6%,5%,10%
4704,"3,068",68,"3,000","2,907","2,834",15,0,45,0,13,93,4323,4140,183,3050,136,145,117,199,197,84,133,272,160,188,109,104,530,203,131,227,90,70,91,96%,4%,2%,98%,95%,92%,0%,0%,1%,0%,0%,3%,4%,5%,4%,6%,6%,3%,4%,9%,5%,6%,4%,3%,17%,7%,4%,7%,3%,2%,3%
4706,"2,936",77,"2,859","2,707","2,542",104,5,40,1,15,152,4752,4380,372,3010,454,69,343,38,47,60,206,201,402,249,85,197,209,296,239,204,35,76,54,92%,8%,3%,97%,92%,87%,4%,0%,1%,0%,1%,5%,15%,2%,12%,1%,2%,2%,7%,7%,14%,8%,3%,7%,7%,10%,8%,7%,1%,3%,2%
4710,"1,288",30,"1,258","1,204","1,134",51,3,16,0,0,54,2052,1875,177,1185,83,37,40,70,17,55,79,154,50,83,47,130,114,75,87,51,42,34,20,91%,9%,2%,98%,93%,88%,4%,0%,1%,0%,0%,4%,7%,3%,3%,5%,1%,4%,6%,12%,4%,6%,4%,10%,9%,6%,7%,4%,3%,3%,2%
4721,"2,395",109,"2,286","2,196","2,021",102,3,66,0,4,90,3915,3657,258,2373,272,111,96,95,256,145,288,200,185,71,202,169,117,98,147,103,16,25,49,93%,7%,5%,95%,92%,84%,4%,0%,3%,0%,0%,4%,11%,5%,4%,4%,11%,6%,12%,8%,8%,3%,8%,7%,5%,4%,6%,4%,1%,1%,2%
4722,"2,224",91,"2,133","2,066","1,940",70,0,51,0,5,67,3378,3255,123,2185,216,53,150,73,98,50,260,206,121,258,29,255,140,172,168,91,33,26,2,96%,4%,4%,96%,93%,87%,3%,0%,2%,0%,0%,3%,10%,2%,7%,3%,4%,2%,12%,9%,5%,12%,1%,11%,6%,8%,8%,4%,1%,1%,0%
4723,"1,849",76,"1,773","1,720","1,619",59,0,34,3,5,53,3087,2838,249,1798,81,78,16,65,39,142,199,253,255,95,28,96,83,146,99,120,56,14,14,92%,8%,4%,96%,93%,88%,3%,0%,2%,0%,0%,3%,5%,4%,1%,4%,2%,8%,11%,14%,14%,5%,2%,5%,4%,8%,5%,6%,3%,1%,1%
4724,"1,776",50,"1,726","1,673","1,609",29,0,26,0,9,53,2517,2403,114,1764,114,163,96,61,84,45,104,198,243,148,56,109,47,125,27,132,42,47,37,95%,5%,3%,97%,94%,91%,2%,0%,1%,0%,1%,3%,6%,9%,5%,3%,5%,3%,6%,11%,14%,8%,3%,6%,3%,7%,2%,7%,2%,3%,2%
4731,"4,963",167,"4,796","4,602","4,350",69,1,172,0,10,194,6879,6498,381,4630,86,297,305,431,331,116,160,148,367,251,260,403,276,484,334,220,64,59,124,94%,6%,3%,97%,93%,88%,1%,0%,3%,0%,0%,4%,2%,6%,6%,9%,7%,2%,3%,3%,7%,5%,5%,8%,6%,10%,7%,4%,1%,1%,2%
4732,"3,294",129,"3,165","3,029","2,748",62,4,199,0,16,136,5199,4875,324,3153,171,80,156,231,224,75,183,215,247,213,250,258,81,175,215,198,98,83,173,94%,6%,4%,96%,92%,83%,2%,0%,6%,0%,0%,4%,5%,2%,5%,7%,7%,2%,6%,7%,7%,6%,8%,8%,2%,5%,7%,6%,3%,3%,5%
4733,"5,771",266,"5,505","5,253","4,986",54,0,199,1,13,252,7521,7152,369,5765,160,223,378,423,462,128,238,726,373,224,573,264,473,172,344,225,304,130,207,95%,5%,5%,95%,91%,86%,1%,0%,3%,0%,0%,4%,3%,4%,7%,7%,8%,2%,4%,13%,6%,4%,10%,5%,8%,3%,6%,4%,5%,2%,4%
4735,"3,788",130,"3,658","3,529","3,350",48,4,101,0,26,129,4065,3894,171,3656,49,186,287,476,259,97,86,113,191,289,350,344,293,238,134,156,86,91,99,96%,4%,3%,97%,93%,88%,1%,0%,3%,0%,1%,3%,1%,5%,8%,13%,7%,3%,2%,3%,5%,8%,9%,9%,8%,6%,4%,4%,2%,2%,3%
4752,"5,568",130,"5,438","5,276","5,061",73,6,113,0,23,162,7287,7020,267,5283,219,129,228,472,236,312,212,253,197,347,396,557,574,490,296,178,159,139,108,96%,4%,2%,98%,95%,91%,1%,0%,2%,0%,0%,3%,4%,2%,4%,8%,4%,6%,4%,5%,4%,6%,7%,10%,10%,9%,5%,3%,3%,2%,2%
4761,"4,979",121,"4,858","4,665","3,968",225,2,437,0,33,193,7950,7413,537,4987,419,151,415,330,186,195,447,460,149,726,189,156,432,225,281,157,242,199,47,93%,7%,2%,98%,94%,80%,5%,0%,9%,0%,1%,4%,8%,3%,8%,7%,4%,4%,9%,9%,3%,15%,4%,3%,9%,5%,6%,3%,5%,4%,1%
4762,"3,270",50,"3,220","3,133","2,945",75,0,92,2,19,87,4722,4497,225,3191,272,137,113,89,263,83,285,403,181,273,91,187,191,247,248,160,182,59,58,95%,5%,2%,98%,96%,90%,2%,0%,3%,0%,1%,3%,9%,4%,3%,3%,8%,3%,9%,12%,6%,8%,3%,6%,6%,8%,8%,5%,6%,2%,2%
4771,"3,779",60,"3,719","3,606","3,407",30,0,163,0,6,113,5289,4989,300,3997,330,282,214,150,142,28,289,415,176,214,160,153,353,289,307,270,256,185,173,94%,6%,2%,98%,95%,90%,1%,0%,4%,0%,0%,3%,8%,7%,6%,4%,4%,1%,8%,11%,5%,6%,4%,4%,9%,8%,8%,7%,7%,5%,5%
4772,"4,466",52,"4,414","4,318","4,005",28,0,278,1,6,96,6213,5991,222,4234,209,203,137,188,379,89,135,194,384,225,202,379,357,254,305,223,287,121,322,96%,4%,1%,99%,97%,90%,1%,0%,6%,0%,0%,2%,5%,5%,3%,4%,8%,2%,3%,4%,9%,5%,5%,8%,8%,6%,7%,5%,6%,3%,7%
4773,"6,819",98,"6,721","6,508","4,309",624,8,"1,541",2,24,213,9180,8430,750,6394,661,567,471,155,236,372,460,620,637,272,212,407,560,383,327,287,133,121,203,92%,8%,1%,99%,95%,63%,9%,0%,23%,0%,0%,3%,10%,8%,7%,2%,3%,5%,7%,9%,9%,4%,3%,6%,8%,6%,5%,4%,2%,2%,3%
4781,"4,363",161,"4,202","4,063","3,425",287,8,307,3,33,139,6627,6159,468,4372,1048,217,226,572,189,196,453,256,434,390,233,249,115,147,226,203,114,105,58,93%,7%,4%,96%,93%,79%,7%,0%,7%,0%,1%,3%,24%,5%,5%,13%,4%,4%,10%,6%,10%,9%,5%,6%,3%,3%,5%,5%,3%,2%,1%
4782,"5,719",182,"5,537","5,311","4,601",275,3,401,0,31,226,7962,7335,627,5544,686,593,320,251,242,248,156,640,536,361,268,225,115,614,360,195,316,70,34,92%,8%,3%,97%,93%,80%,5%,0%,7%,0%,1%,4%,12%,10%,6%,4%,4%,4%,3%,11%,9%,6%,5%,4%,2%,11%,6%,3%,6%,1%,1%
4790,"1,985",23,"1,962","1,888","1,786",26,0,74,0,2,74,2676,2589,87,1959,61,150,68,194,71,46,102,223,99,123,133,68,139,144,167,93,49,53,37,97%,3%,1%,99%,95%,90%,1%,0%,4%,0%,0%,4%,3%,8%,3%,10%,4%,2%,5%,11%,5%,6%,7%,3%,7%,7%,8%,5%,2%,3%,2%
4802,"3,797",37,"3,760","3,645","2,856",113,6,660,0,10,115,4593,4350,243,3582,128,91,284,217,111,88,153,258,402,368,148,182,289,267,328,183,126,112,174,95%,5%,1%,99%,96%,75%,3%,0%,17%,0%,0%,3%,4%,2%,7%,6%,3%,2%,4%,7%,11%,10%,4%,5%,8%,7%,9%,5%,3%,3%,5%
4803,"3,613",37,"3,576","3,494","3,235",102,2,128,4,23,82,4851,4620,231,3617,189,141,150,223,148,130,269,360,260,212,302,132,200,322,332,147,83,80,126,95%,5%,1%,99%,97%,90%,3%,0%,4%,0%,1%,2%,5%,4%,4%,6%,4%,4%,7%,10%,7%,6%,8%,4%,6%,9%,9%,4%,2%,2%,3%
4804,"5,004",101,"4,903","4,759","4,483",147,6,99,0,24,144,6864,6579,285,4768,637,124,240,265,242,83,230,447,243,433,346,413,249,488,424,253,142,130,76,96%,4%,2%,98%,95%,90%,3%,0%,2%,0%,0%,3%,13%,2%,5%,5%,5%,2%,5%,9%,5%,9%,7%,8%,5%,10%,8%,5%,3%,3%,2%
4810,"3,394",184,"3,210","2,979","1,567","1,249",8,136,0,19,231,5295,4425,870,3252,626,234,112,341,339,94,90,334,454,169,105,268,238,160,181,119,24,74,11,84%,16%,5%,95%,88%,46%,37%,0%,4%,0%,1%,7%,19%,7%,3%,10%,10%,3%,3%,10%,13%,5%,3%,8%,7%,5%,5%,4%,1%,2%,0%
4825,"1,872",45,"1,827","1,743","1,474",249,0,9,1,10,84,3054,2598,456,1870,141,61,120,43,75,79,229,200,95,119,155,98,85,132,93,51,87,65,83,85%,15%,2%,98%,93%,79%,13%,0%,0%,0%,1%,4%,8%,3%,6%,2%,4%,4%,12%,11%,5%,6%,8%,5%,5%,7%,5%,3%,5%,3%,4%
4838,"2,884",94,"2,790","2,628",804,"1,742",2,54,0,26,162,5673,4401,1272,2885,470,210,193,54,136,155,340,132,3,105,199,113,278,193,121,177,111,137,228,78%,22%,3%,97%,91%,28%,60%,0%,2%,0%,1%,6%,16%,7%,7%,2%,5%,5%,12%,5%,0%,4%,7%,4%,10%,7%,4%,6%,4%,5%,8%
4843,"3,122",90,"3,032","2,879","1,956",846,9,42,0,26,153,5391,4389,1002,3587,424,351,300,191,196,392,196,386,113,241,277,203,250,77,94,76,86,111,47,81%,19%,3%,97%,92%,63%,27%,0%,1%,0%,1%,5%,12%,11%,10%,6%,6%,13%,6%,12%,4%,8%,9%,7%,8%,2%,3%,2%,3%,4%,2%
4845,"5,614",120,"5,494","5,331","5,047",220,0,34,0,30,163,8751,8055,696,5246,720,164,127,272,236,322,215,422,330,269,257,275,741,374,300,364,286,134,158,92%,8%,2%,98%,95%,90%,4%,0%,1%,0%,1%,3%,14%,3%,2%,5%,4%,6%,4%,8%,6%,5%,5%,5%,13%,7%,5%,6%,5%,2%,3%
4846,"2,038",44,"1,994","1,907","1,556",297,1,38,0,15,87,3330,2973,357,1758,311,120,35,44,101,90,98,118,86,96,35,154,124,176,108,134,118,30,133,89%,11%,2%,98%,94%,76%,15%,0%,2%,0%,1%,4%,18%,6%,2%,2%,5%,4%,5%,6%,4%,5%,2%,8%,6%,9%,5%,7%,6%,1%,7%
4850,"1,179",37,"1,142","1,071",868,188,0,6,0,9,71,1836,1632,204,1168,300,42,51,86,38,66,66,131,78,64,11,110,98,132,54,35,43,32,31,89%,11%,3%,97%,91%,74%,16%,0%,1%,0%,1%,6%,26%,4%,4%,7%,3%,6%,6%,11%,7%,5%,1%,9%,8%,11%,5%,3%,4%,3%,3%
4867,"2,212",88,"2,124","2,002",830,"1,153",0,5,1,13,122,3900,3396,504,2084,526,195,119,130,167,109,340,75,151,100,50,23,138,130,109,125,37,10,78,87%,13%,4%,96%,91%,38%,52%,0%,0%,0%,1%,6%,25%,9%,5%,6%,8%,5%,15%,3%,7%,5%,2%,1%,6%,6%,5%,6%,2%,0%,4%
4868,"1,653",63,"1,590","1,486",468,989,5,0,0,24,104,2475,2007,468,1656,397,86,144,136,280,67,60,204,8,162,31,116,70,97,47,54,47,34,13,81%,19%,4%,96%,90%,28%,60%,0%,0%,0%,1%,6%,24%,5%,9%,8%,17%,4%,4%,12%,0%,10%,2%,7%,4%,6%,3%,3%,3%,2%,1%
4869,"1,389",26,"1,363","1,260",435,805,3,2,0,15,103,2160,1770,390,1444,602,188,96,51,94,11,22,85,126,68,84,70,101,204,66,79,17,73,9,82%,18%,2%,98%,91%,31%,58%,0%,0%,0%,1%,7%,42%,14%,7%,4%,7%,1%,2%,6%,9%,5%,6%,5%,7%,15%,5%,6%,1%,5%,1%
4870,"1,612",20,"1,592","1,521","1,374",130,5,5,2,5,71,2934,2565,369,1595,225,64,47,5,98,133,119,117,78,71,135,62,108,163,163,90,59,12,76,87%,13%,1%,99%,94%,85%,8%,0%,0%,0%,0%,4%,14%,4%,3%,0%,6%,8%,7%,7%,5%,4%,8%,4%,7%,10%,10%,6%,4%,1%,5%
4881,"2,149",50,"2,099","1,990","1,599",375,4,5,0,7,109,3006,2760,246,2198,130,58,104,141,100,117,181,133,151,184,188,119,117,186,153,115,54,56,41,92%,8%,2%,98%,93%,74%,17%,0%,0%,0%,0%,5%,6%,3%,5%,7%,5%,5%,8%,6%,7%,9%,9%,6%,5%,9%,7%,5%,3%,3%,2%
4882,"3,441",89,"3,352","3,220","2,362",815,4,13,0,26,132,4752,4323,429,3217,1054,229,377,177,132,146,147,493,89,149,179,114,175,298,154,117,100,143,62,91%,9%,3%,97%,94%,69%,24%,0%,0%,0%,1%,4%,33%,7%,11%,5%,4%,4%,4%,14%,3%,4%,5%,3%,5%,9%,4%,3%,3%,4%,2%
4883,"2,008",35,"1,973","1,903","1,833",63,0,5,0,2,70,2991,2754,237,1874,151,25,54,52,127,125,57,93,135,63,55,194,146,224,206,110,107,62,39,92%,8%,2%,98%,95%,91%,3%,0%,0%,0%,0%,3%,8%,1%,3%,3%,6%,6%,3%,5%,7%,3%,3%,10%,7%,11%,10%,5%,5%,3%,2%
4884,"4,649",91,"4,558","4,310","3,603",654,4,26,0,23,248,6900,6372,528,4411,388,288,133,297,266,373,210,171,139,209,239,405,447,352,464,268,32,52,66,92%,8%,2%,98%,93%,78%,14%,0%,1%,0%,0%,5%,9%,6%,3%,6%,6%,8%,5%,4%,3%,4%,5%,9%,10%,8%,10%,6%,1%,1%,1%
4885,"2,742",54,"2,688","2,562","2,346",136,0,66,0,14,126,3990,3804,186,2636,115,184,117,192,64,153,188,141,99,232,134,158,301,228,181,51,50,104,68,95%,5%,2%,98%,93%,86%,5%,0%,2%,0%,1%,5%,4%,7%,4%,7%,2%,6%,7%,5%,4%,8%,5%,6%,11%,8%,7%,2%,2%,4%,2%
4886,"4,600",134,"4,466","4,274","3,802",382,3,70,0,17,192,6582,6114,468,4929,445,30,438,547,191,91,481,237,227,183,258,545,327,413,298,176,234,62,191,93%,7%,3%,97%,93%,83%,8%,0%,2%,0%,0%,4%,9%,1%,10%,12%,4%,2%,10%,5%,5%,4%,6%,12%,7%,9%,6%,4%,5%,1%,4%
4912,"2,114",47,"2,067","1,987","1,875",52,4,52,0,4,80,2985,2697,288,2057,81,96,58,63,105,94,105,129,233,77,158,137,140,222,138,136,79,82,111,90%,10%,2%,98%,94%,89%,2%,0%,2%,0%,0%,4%,4%,5%,3%,3%,5%,4%,5%,6%,11%,4%,7%,6%,7%,11%,7%,6%,4%,4%,5%
4927,"1,819",47,"1,772","1,646","1,232",390,8,7,0,9,126,3126,2583,543,1836,564,108,115,116,75,85,71,183,101,94,60,98,196,196,108,57,47,26,100,83%,17%,3%,97%,90%,68%,21%,0%,0%,0%,0%,7%,31%,6%,6%,6%,4%,5%,4%,10%,6%,5%,3%,5%,11%,11%,6%,3%,3%,1%,5%
4928,"2,465",59,"2,406","2,281",661,"1,575",9,19,0,17,125,4146,3369,777,2656,819,193,350,191,255,73,148,53,172,197,102,83,56,85,220,205,131,24,118,81%,19%,2%,98%,93%,27%,64%,0%,1%,0%,1%,5%,31%,8%,14%,8%,10%,3%,6%,2%,7%,8%,4%,3%,2%,3%,9%,8%,5%,1%,5%
4929,"1,897",66,"1,831","1,700","1,095",579,2,8,0,16,131,3375,2652,723,1594,437,110,43,41,16,88,242,127,56,122,39,47,103,200,94,100,44,95,46,79%,21%,3%,97%,90%,58%,31%,0%,0%,0%,1%,7%,27%,6%,2%,2%,1%,5%,13%,7%,3%,6%,2%,2%,5%,11%,5%,5%,2%,5%,2%
4940,"1,398",23,"1,375","1,286","1,204",74,0,2,0,6,89,2118,1860,258,1378,261,63,57,100,51,148,88,134,123,63,40,71,114,103,88,80,21,13,21,88%,12%,2%,98%,92%,86%,5%,0%,0%,0%,0%,6%,19%,5%,4%,7%,4%,11%,6%,10%,9%,5%,3%,5%,8%,7%,6%,6%,2%,1%,2%
4950,"3,070",32,"3,038","2,940","2,892",31,0,3,2,12,98,4374,4008,366,3022,154,114,107,88,145,115,131,267,52,134,254,253,305,264,228,129,198,136,102,92%,8%,1%,99%,96%,94%,1%,0%,0%,0%,0%,3%,5%,4%,3%,3%,5%,4%,4%,9%,2%,4%,8%,8%,10%,9%,7%,4%,6%,4%,3%
4962,"5,581",83,"5,498","5,293","5,116",145,3,21,0,8,205,7974,7320,654,5665,190,215,443,405,195,241,256,368,334,356,176,444,627,491,430,160,232,134,184,92%,8%,1%,99%,95%,92%,3%,0%,0%,0%,0%,4%,3%,4%,8%,7%,3%,4%,5%,7%,6%,6%,3%,8%,11%,9%,8%,3%,4%,2%,3%
4970,932,5,927,909,889,4,3,0,1,12,18,1371,1266,105,960,48,52,36,30,21,59,91,66,28,60,41,36,113,103,51,70,49,28,28,92%,8%,1%,99%,98%,95%,0%,0%,0%,0%,1%,2%,5%,6%,4%,3%,2%,6%,10%,7%,3%,6%,4%,4%,12%,11%,5%,8%,5%,3%,3%
4980,"2,355",32,"2,323","2,227","2,172",45,0,5,0,5,96,3438,3195,243,2282,287,180,144,101,100,46,121,100,157,108,270,156,142,193,150,158,112,36,28,93%,7%,1%,99%,95%,92%,2%,0%,0%,0%,0%,4%,13%,8%,6%,4%,4%,2%,5%,4%,7%,5%,11%,7%,6%,8%,6%,7%,5%,2%,1%
4993,"1,678",46,"1,632","1,567","1,454",81,5,6,0,21,65,2499,2244,255,1542,153,73,89,70,75,43,129,145,40,96,88,100,162,64,107,86,73,79,23,90%,10%,3%,97%,93%,87%,5%,0%,0%,0%,1%,4%,10%,4%,5%,4%,4%,3%,8%,9%,2%,6%,5%,6%,10%,4%,6%,5%,4%,5%,1%
4994,"2,797",82,"2,715","2,536","2,193",317,6,10,0,10,179,4365,3681,684,2789,394,206,185,104,163,231,166,265,328,117,158,254,138,117,106,207,80,11,22,84%,16%,3%,97%,91%,78%,11%,0%,0%,0%,0%,6%,14%,7%,7%,4%,6%,8%,6%,9%,12%,4%,6%,9%,5%,4%,4%,7%,3%,0%,1%
5003,"3,680",84,"3,596","3,390","3,190",152,5,12,0,31,206,5475,4929,546,3641,389,62,130,306,205,52,393,288,290,179,308,181,188,264,292,197,123,95,88,90%,10%,2%,98%,92%,87%,4%,0%,0%,0%,1%,6%,11%,2%,4%,8%,6%,1%,11%,8%,8%,5%,8%,5%,5%,7%,8%,5%,3%,3%,2%
5010,"1,476",37,"1,439","1,372","1,158",193,3,4,0,14,67,2586,2289,297,1569,335,65,27,107,84,76,52,98,240,111,70,78,96,122,118,73,70,45,37,89%,11%,3%,97%,93%,78%,13%,0%,0%,0%,1%,5%,21%,4%,2%,7%,6%,5%,4%,7%,16%,8%,5%,5%,7%,8%,8%,5%,5%,3%,3%
5041,"5,026",134,"4,892","4,581","3,111","1,410",7,27,0,26,311,7902,7122,780,4834,1186,292,288,179,163,221,257,409,199,378,155,330,222,533,491,233,154,123,248,90%,10%,3%,97%,91%,62%,28%,0%,1%,0%,1%,6%,25%,6%,6%,4%,3%,4%,5%,8%,4%,8%,3%,7%,4%,11%,10%,5%,3%,2%,5%
5070,"2,076",49,"2,027","1,923","1,520",378,0,8,0,17,104,3387,3015,372,2063,126,18,114,69,119,99,225,97,80,127,162,133,99,224,194,130,72,28,73,89%,11%,2%,98%,93%,73%,18%,0%,0%,0%,1%,5%,6%,1%,5%,3%,6%,5%,11%,5%,4%,6%,8%,6%,5%,11%,9%,6%,3%,1%,4%
5080,"1,781",59,"1,722","1,620",934,663,5,8,0,10,102,3171,2454,717,1781,518,99,14,172,73,85,121,220,203,57,94,135,93,160,76,99,30,12,38,77%,23%,3%,97%,91%,52%,37%,0%,0%,0%,1%,6%,29%,6%,1%,10%,4%,5%,7%,12%,11%,3%,5%,8%,5%,9%,4%,6%,2%,1%,2%
5094,"5,114",101,"5,013","4,685","3,061","1,530",4,44,2,44,328,8373,7254,1119,4939,1163,237,76,313,212,573,200,278,312,262,459,154,304,270,723,318,140,74,141,87%,13%,2%,98%,92%,60%,30%,0%,1%,0%,1%,6%,24%,5%,1%,6%,4%,11%,4%,5%,6%,5%,9%,3%,6%,5%,14%,6%,3%,1%,3%
5100,"1,927",76,"1,851","1,728",599,"1,099",5,5,0,20,123,3015,2505,510,1803,534,124,95,213,78,65,200,143,140,15,100,63,229,155,39,62,54,40,7,83%,17%,4%,96%,90%,31%,57%,0%,0%,0%,1%,6%,30%,6%,5%,11%,4%,3%,10%,7%,7%,1%,5%,3%,12%,8%,2%,3%,3%,2%,0%
5120,"2,073",41,"2,032","1,908","1,201",689,0,9,0,9,124,3420,2934,486,2176,670,74,116,99,177,147,164,66,150,96,137,132,149,104,135,240,79,67,44,86%,14%,2%,98%,92%,58%,33%,0%,0%,0%,0%,6%,31%,4%,6%,5%,9%,7%,8%,3%,7%,5%,7%,6%,7%,5%,7%,12%,4%,3%,2%
5130,"2,247",68,"2,179","2,022",561,"1,444",1,7,0,9,157,3834,3156,678,2079,576,50,36,70,39,149,238,184,15,94,65,117,290,230,226,105,56,73,42,82%,18%,3%,97%,90%,25%,64%,0%,0%,0%,0%,7%,28%,2%,2%,3%,2%,7%,11%,8%,1%,4%,3%,5%,13%,10%,10%,5%,2%,3%,2%
5138,"1,721",42,"1,679","1,562",317,"1,219",5,7,1,13,117,3033,2331,702,1909,688,89,55,241,107,104,241,170,120,63,144,140,150,70,70,50,92,42,31,77%,23%,2%,98%,91%,18%,71%,0%,0%,0%,1%,7%,36%,5%,3%,14%,6%,6%,14%,10%,7%,4%,8%,8%,9%,4%,4%,3%,5%,2%,2%
5140,"1,896",48,"1,848","1,775",256,"1,504",0,6,0,9,73,2961,2475,486,1729,563,247,58,5,99,252,118,19,143,118,91,97,81,165,47,58,47,15,69,84%,16%,3%,97%,94%,14%,79%,0%,0%,0%,0%,4%,33%,13%,3%,0%,5%,13%,6%,1%,8%,6%,5%,5%,4%,9%,2%,3%,2%,1%,4%
5151,"2,566",67,"2,499","2,385",984,"1,339",3,33,4,22,114,4308,3801,507,2786,384,76,197,80,174,118,283,282,328,90,174,157,200,129,78,155,247,27,8,88%,12%,3%,97%,93%,38%,52%,0%,1%,0%,1%,4%,14%,3%,8%,3%,7%,5%,11%,11%,13%,4%,7%,6%,8%,5%,3%,6%,10%,1%,0%
5152,"2,034",93,"1,941","1,838","1,145",625,3,46,2,17,103,3618,3291,327,1994,71,29,169,36,36,115,224,187,200,135,121,99,49,180,206,31,96,33,48,91%,9%,5%,95%,90%,56%,31%,0%,2%,0%,1%,5%,4%,1%,8%,2%,2%,6%,11%,9%,10%,7%,6%,5%,2%,9%,10%,2%,5%,2%,2%
5153,"1,734",76,"1,658","1,571",768,748,3,42,4,6,87,3129,2718,411,1501,464,78,26,67,30,39,127,257,58,54,133,72,121,99,199,68,44,17,31,87%,13%,4%,96%,91%,44%,43%,0%,2%,0%,0%,5%,31%,4%,1%,4%,2%,2%,7%,15%,3%,3%,8%,4%,7%,6%,11%,4%,3%,1%,2%
5161,"1,406",37,"1,369","1,320","1,227",51,0,40,0,2,49,2259,2133,126,1397,81,87,32,35,26,57,196,220,142,93,15,85,67,108,116,61,26,0,31,94%,6%,3%,97%,94%,87%,4%,0%,3%,0%,0%,3%,6%,6%,2%,2%,2%,4%,14%,16%,10%,7%,1%,6%,5%,8%,8%,4%,2%,0%,2%
5162,"1,739",70,"1,669","1,597","1,291",250,4,43,0,9,72,2775,2592,183,1679,31,80,129,49,64,88,86,194,180,59,192,162,102,115,56,68,56,7,5,93%,7%,4%,96%,92%,74%,14%,0%,2%,0%,1%,4%,2%,5%,7%,3%,4%,5%,5%,11%,10%,3%,11%,9%,6%,7%,3%,4%,3%,0%,0%
5170,"1,730",47,"1,683","1,601","1,005",571,3,12,0,10,82,3228,2997,231,1567,281,111,78,26,85,78,137,106,70,73,51,104,110,138,178,50,49,30,93,93%,7%,3%,97%,93%,58%,33%,0%,1%,0%,1%,5%,18%,6%,5%,2%,5%,5%,8%,6%,4%,4%,3%,6%,6%,8%,10%,3%,3%,2%,5%
5190,"3,157",62,"3,095","2,945","2,319",519,0,85,0,22,150,4482,4260,222,3017,99,426,98,58,112,26,136,265,335,80,123,84,229,260,345,167,180,84,94,95%,5%,2%,98%,93%,73%,16%,0%,3%,0%,1%,5%,3%,13%,3%,2%,4%,1%,4%,8%,11%,3%,4%,3%,7%,8%,11%,5%,6%,3%,3%
5211,"4,551",115,"4,436","4,195","2,874","1,025",4,254,1,37,241,5634,5436,198,4295,375,209,217,244,207,186,318,278,288,307,292,166,204,398,371,250,137,177,65,96%,4%,3%,97%,92%,63%,23%,0%,6%,0%,1%,5%,9%,5%,5%,5%,5%,4%,7%,6%,6%,7%,6%,4%,4%,9%,8%,5%,3%,4%,1%
5212,"4,521",178,"4,343","4,135","3,075",709,3,323,1,24,208,7389,6939,450,4820,703,349,455,135,402,52,277,264,442,332,242,438,189,300,314,222,174,128,163,94%,6%,4%,96%,91%,68%,16%,0%,7%,0%,1%,5%,15%,8%,10%,3%,9%,1%,6%,6%,10%,7%,5%,10%,4%,7%,7%,5%,4%,3%,4%
5215,"4,083",78,"4,005","3,865","3,352",295,7,185,0,26,140,5877,5538,339,4115,325,136,116,247,243,338,207,167,268,203,250,253,319,300,353,278,208,132,111,94%,6%,2%,98%,95%,82%,7%,0%,5%,0%,1%,3%,8%,3%,3%,6%,6%,8%,5%,4%,7%,5%,6%,6%,8%,7%,9%,7%,5%,3%,3%
5220,"3,101",71,"3,030","2,833","2,016",782,1,13,3,18,197,5115,4215,900,3065,670,308,136,224,121,213,132,278,165,170,119,93,270,310,290,44,72,57,63,82%,18%,2%,98%,91%,65%,25%,0%,0%,0%,1%,6%,22%,10%,4%,7%,4%,7%,4%,9%,5%,5%,4%,3%,9%,10%,9%,1%,2%,2%,2%
5231,"3,805",96,"3,709","3,544",384,"3,126",3,18,0,13,165,5598,4893,705,3694,372,318,221,63,242,252,349,149,254,77,208,248,176,294,302,228,185,75,55,87%,13%,3%,97%,93%,10%,82%,0%,0%,0%,0%,4%,10%,8%,6%,2%,6%,7%,9%,4%,7%,2%,5%,7%,5%,8%,8%,6%,5%,2%,1%
5232,"3,743",85,"3,658","3,471","1,168","2,232",2,17,0,52,187,5481,4887,594,3774,922,150,120,204,176,395,188,223,161,306,265,246,260,303,373,189,118,37,60,89%,11%,2%,98%,93%,31%,60%,0%,0%,0%,1%,5%,24%,4%,3%,5%,5%,11%,5%,6%,4%,8%,7%,7%,7%,8%,10%,5%,3%,1%,2%
5233,"3,807",85,"3,722","3,512","1,843","1,609",1,44,0,15,210,5484,5133,351,3997,184,250,189,180,326,120,308,87,162,335,516,200,197,355,305,188,136,90,53,94%,6%,2%,98%,92%,48%,42%,0%,1%,0%,0%,6%,5%,7%,5%,5%,9%,3%,8%,2%,4%,9%,14%,5%,5%,9%,8%,5%,4%,2%,1%
5234,"4,921",128,"4,793","4,536","2,324","2,095",11,56,1,49,257,7656,7125,531,5016,827,194,532,343,125,13,375,516,411,361,348,93,314,342,285,273,170,231,90,93%,7%,3%,97%,92%,47%,43%,0%,1%,0%,1%,5%,16%,4%,11%,7%,3%,0%,8%,10%,8%,7%,7%,2%,6%,7%,6%,6%,3%,5%,2%
5236,"4,852",161,"4,691","4,500","2,541","1,892",5,47,0,15,191,6825,6432,393,4873,755,140,387,235,351,211,264,260,324,231,207,342,381,323,462,240,260,151,104,94%,6%,3%,97%,93%,52%,39%,0%,1%,0%,0%,4%,15%,3%,8%,5%,7%,4%,5%,5%,7%,5%,4%,7%,8%,7%,10%,5%,5%,3%,2%
5238,"4,687",106,"4,581","4,397","3,657",701,4,20,0,15,184,7137,6618,519,4865,543,357,241,382,181,75,132,429,300,373,149,462,302,316,536,247,183,90,260,93%,7%,2%,98%,94%,78%,15%,0%,0%,0%,0%,4%,11%,8%,5%,8%,4%,2%,3%,9%,6%,8%,3%,10%,6%,7%,11%,5%,4%,2%,6%
5240,"2,492",63,"2,429","2,326","2,070",232,0,11,0,13,103,3906,3507,399,2652,275,125,185,108,170,138,260,251,138,149,125,85,182,179,226,83,98,58,100,90%,10%,3%,97%,93%,83%,9%,0%,0%,0%,1%,4%,10%,5%,7%,4%,7%,6%,10%,10%,6%,6%,5%,3%,7%,7%,9%,3%,4%,2%,4%
5251,"2,003",62,"1,941","1,875","1,822",40,1,10,0,2,66,3105,2901,204,1975,46,101,189,89,49,39,29,151,120,272,89,122,111,134,133,139,100,26,91,93%,7%,3%,97%,94%,91%,2%,0%,0%,0%,0%,3%,2%,5%,9%,4%,2%,2%,1%,8%,6%,14%,4%,6%,6%,7%,7%,7%,5%,1%,5%
5252,"2,536",39,"2,497","2,428","2,329",59,0,38,0,2,69,4530,4188,342,2340,101,87,122,164,50,44,141,117,123,267,129,141,147,186,142,245,164,66,116,92%,8%,2%,98%,96%,92%,2%,0%,1%,0%,0%,3%,4%,3%,5%,6%,2%,2%,6%,5%,5%,11%,5%,6%,6%,7%,6%,10%,6%,3%,5%
5253,"2,219",43,"2,176","2,107","2,062",19,0,26,0,0,69,2967,2775,192,2223,109,137,171,133,143,23,99,143,201,140,143,203,163,157,115,145,50,53,58,94%,6%,2%,98%,95%,93%,1%,0%,1%,0%,0%,3%,5%,6%,8%,6%,6%,1%,4%,6%,9%,6%,6%,9%,7%,7%,5%,7%,2%,2%,3%
5509,"1,467",51,"1,416","1,336",555,741,12,10,0,18,80,2445,1854,591,1674,474,82,87,100,64,53,115,200,111,76,88,61,125,213,139,135,37,25,29,76%,24%,3%,97%,91%,38%,51%,1%,1%,0%,1%,5%,28%,6%,6%,7%,4%,4%,8%,14%,8%,5%,6%,4%,9%,15%,9%,9%,3%,2%,2%
5512,"3,391",116,"3,275","3,057","1,607","1,425",7,4,0,14,218,5118,4485,633,3084,1090,114,166,267,161,224,227,211,187,167,173,124,431,200,233,121,27,95,92,88%,12%,3%,97%,90%,47%,42%,0%,0%,0%,0%,6%,35%,3%,5%,8%,5%,7%,7%,6%,6%,5%,5%,4%,13%,6%,7%,4%,1%,3%,3%
5513,"2,347",64,"2,283","2,171","1,876",282,1,9,0,3,112,3519,3276,243,2175,173,136,78,176,124,66,63,91,225,97,122,137,198,103,203,133,122,12,90,93%,7%,3%,97%,93%,80%,12%,0%,0%,0%,0%,5%,8%,6%,3%,7%,5%,3%,3%,4%,10%,4%,5%,6%,8%,4%,9%,6%,5%,1%,4%
5519,"1,330",77,"1,253","1,194",648,531,1,0,1,13,59,2511,2136,375,1394,751,16,176,213,37,20,95,141,22,120,48,191,65,72,125,44,30,0,38,85%,15%,6%,94%,90%,49%,40%,0%,0%,0%,1%,4%,54%,1%,13%,16%,3%,2%,7%,11%,2%,9%,4%,14%,5%,5%,9%,3%,2%,0%,3%
5520,"2,294",88,"2,206","2,080",941,"1,099",3,6,1,30,126,3243,2763,480,1692,373,125,22,137,82,48,165,123,92,87,41,166,148,101,164,80,29,20,107,85%,15%,4%,96%,91%,41%,48%,0%,0%,0%,1%,5%,22%,5%,1%,6%,4%,2%,7%,5%,4%,4%,2%,7%,6%,4%,7%,3%,1%,1%,5%
5521,"1,175",16,"1,159","1,108",420,680,0,7,1,0,51,1419,1035,384,851,575,55,130,103,7,21,33,249,11,31,28,79,52,91,126,96,47,53,107,73%,27%,1%,99%,94%,36%,58%,0%,1%,0%,0%,4%,68%,5%,11%,9%,1%,2%,3%,21%,1%,3%,2%,7%,4%,8%,11%,8%,4%,5%,9%
5522,969,28,941,865,661,190,4,4,0,6,76,1545,1290,255,818,203,26,24,0,5,99,44,15,133,43,18,50,41,160,58,49,5,10,38,83%,17%,3%,97%,89%,68%,20%,0%,0%,0%,1%,8%,25%,3%,2%,0%,1%,10%,5%,2%,14%,4%,2%,5%,4%,17%,6%,5%,1%,1%,4%
5523,"1,862",72,"1,790","1,651",444,"1,187",6,2,2,10,139,2730,2115,615,1715,840,119,132,80,118,125,50,113,92,129,106,171,155,78,59,80,30,38,40,77%,23%,4%,96%,89%,24%,64%,0%,0%,0%,1%,7%,49%,6%,7%,4%,6%,7%,3%,6%,5%,7%,6%,9%,8%,4%,3%,4%,2%,2%,2%
5524,"2,892",113,"2,779","2,609","1,887",691,15,3,0,13,170,4365,3831,534,3299,1023,216,294,244,302,107,302,373,189,151,153,91,112,235,211,45,100,70,147,88%,12%,4%,96%,90%,65%,24%,1%,0%,0%,0%,6%,31%,7%,10%,8%,10%,4%,10%,13%,7%,5%,5%,3%,4%,8%,7%,2%,3%,2%,5%
5604,"1,553",36,"1,517","1,445",710,691,1,35,1,7,72,2970,2583,387,1385,352,17,36,34,33,139,222,303,165,120,41,24,16,83,35,72,69,43,26,87%,13%,2%,98%,93%,46%,44%,0%,2%,0%,0%,5%,25%,1%,2%,2%,2%,9%,14%,20%,11%,8%,3%,2%,1%,5%,2%,5%,4%,3%,2%
5605,"2,193",98,"2,095","2,006","1,732",174,0,91,0,9,89,4086,3801,285,2322,196,76,29,42,70,123,204,614,200,225,104,132,113,102,103,62,57,13,53,93%,7%,4%,96%,91%,79%,8%,0%,4%,0%,0%,4%,8%,3%,1%,2%,3%,6%,9%,28%,9%,10%,5%,6%,5%,5%,5%,3%,3%,1%,2%
5614,"4,012",92,"3,920","3,749",787,"2,861",7,54,1,39,171,7608,6813,795,3585,576,178,27,118,199,164,221,117,237,189,170,215,383,433,445,213,251,14,11,90%,10%,2%,98%,93%,20%,71%,0%,1%,0%,1%,4%,16%,4%,1%,3%,5%,4%,6%,3%,6%,5%,4%,5%,10%,11%,11%,5%,6%,0%,0%
5615,"2,588",69,"2,519","2,404",680,"1,658",2,45,0,19,115,5022,4290,732,2619,554,66,152,0,158,173,108,143,85,153,93,130,128,380,177,296,246,61,70,85%,15%,3%,97%,93%,26%,64%,0%,2%,0%,1%,4%,21%,3%,6%,0%,6%,7%,4%,6%,3%,6%,4%,5%,5%,15%,7%,11%,10%,2%,3%
5619,"1,898",27,"1,871","1,815",65,"1,720",6,14,0,10,56,3243,2748,495,1883,751,258,20,81,148,144,65,140,24,78,5,112,187,147,213,67,24,46,124,85%,15%,1%,99%,96%,3%,91%,0%,1%,0%,1%,3%,40%,14%,1%,4%,8%,8%,3%,7%,1%,4%,0%,6%,10%,8%,11%,4%,1%,2%,7%
5620,"3,449",133,"3,316","3,206","1,801",312,4,"1,075",0,14,110,7083,6702,381,2470,958,76,14,0,137,760,504,250,119,31,43,23,96,94,129,112,31,9,107,95%,5%,4%,96%,93%,52%,9%,0%,31%,0%,0%,3%,39%,2%,0%,0%,4%,22%,15%,7%,3%,1%,1%,1%,3%,3%,4%,3%,1%,0%,3%
5623,"3,115",67,"3,048","2,916","1,181","1,647",10,58,1,19,132,4716,3891,825,2882,784,114,107,271,240,178,92,168,49,237,91,297,126,189,316,198,250,73,81,83%,17%,2%,98%,94%,38%,53%,0%,2%,0%,1%,4%,27%,4%,3%,9%,8%,6%,3%,5%,2%,8%,3%,10%,4%,6%,10%,6%,8%,2%,3%
5624,"2,363",105,"2,258","2,118",840,"1,236",7,21,0,14,140,3906,3201,705,3050,1141,262,184,307,171,231,192,268,196,193,140,183,205,184,111,60,87,66,10,82%,18%,4%,96%,90%,36%,52%,0%,1%,0%,1%,6%,37%,11%,8%,13%,7%,10%,8%,11%,8%,8%,6%,8%,9%,8%,5%,3%,4%,3%,0%
5625,"2,919",59,"2,860","2,639",983,"1,564",7,18,2,65,221,3879,3369,510,2714,596,251,211,214,117,250,424,278,132,98,173,123,62,156,129,71,10,0,15,87%,13%,2%,98%,90%,34%,54%,0%,1%,0%,2%,8%,22%,9%,7%,7%,4%,9%,15%,10%,5%,3%,6%,4%,2%,5%,4%,2%,0%,0%,1%
5626,"2,398",66,"2,332","2,183","1,379",766,3,21,5,9,149,4053,3357,696,2884,678,181,282,196,44,112,357,289,208,208,141,192,168,302,127,49,51,21,0,83%,17%,3%,97%,91%,58%,32%,0%,1%,0%,0%,6%,24%,8%,12%,8%,2%,5%,15%,12%,9%,9%,6%,8%,7%,13%,5%,2%,2%,1%,0%
5627,"1,959",91,"1,868","1,775","1,086",421,7,250,2,9,93,4257,3972,285,1990,379,22,21,96,22,275,459,418,153,22,58,95,53,59,97,78,26,34,14,93%,7%,5%,95%,91%,55%,21%,0%,13%,0%,0%,5%,19%,1%,1%,5%,1%,14%,23%,21%,8%,1%,3%,5%,3%,3%,5%,4%,1%,2%,1%
5628,"1,516",48,"1,468","1,352","1,078",146,5,118,0,5,116,2379,2217,162,1543,195,96,115,51,58,64,85,171,119,79,72,116,106,99,127,51,74,39,61,93%,7%,3%,97%,89%,71%,10%,0%,8%,0%,0%,8%,13%,6%,8%,3%,4%,4%,6%,11%,8%,5%,5%,8%,7%,7%,8%,3%,5%,3%,4%
5630,"2,928",115,"2,813","2,637","1,368","1,044",5,198,3,19,176,4287,3903,384,3179,464,230,315,49,30,163,370,295,193,242,221,55,275,195,138,182,72,44,110,91%,9%,4%,96%,90%,47%,36%,0%,7%,0%,1%,6%,15%,8%,11%,2%,1%,6%,13%,10%,7%,8%,8%,2%,9%,7%,5%,6%,2%,2%,4%
5631,"3,722",131,"3,591","3,444","2,509",298,2,596,0,39,147,5181,4908,273,3509,89,308,197,67,112,145,281,384,353,158,101,176,239,420,220,192,52,78,26,95%,5%,4%,96%,93%,67%,8%,0%,16%,0%,1%,4%,3%,8%,5%,2%,3%,4%,8%,10%,9%,4%,3%,5%,6%,11%,6%,5%,1%,2%,1%
5633,"1,546",29,"1,517","1,481","1,381",25,0,57,0,18,36,1872,1725,147,1413,16,70,69,99,110,47,18,53,72,82,85,144,84,117,120,112,94,28,23,92%,8%,2%,98%,96%,89%,2%,0%,4%,0%,1%,2%,1%,5%,4%,6%,7%,3%,1%,3%,5%,5%,5%,9%,5%,8%,8%,7%,6%,2%,1%
5638,"3,881",73,"3,808","3,693","3,591",54,0,33,1,14,115,5652,5334,318,3395,93,132,143,198,170,142,44,114,181,181,152,194,228,291,249,150,245,284,526,94%,6%,2%,98%,95%,93%,1%,0%,1%,0%,0%,3%,3%,3%,4%,5%,4%,4%,1%,3%,5%,5%,4%,5%,6%,7%,6%,4%,6%,7%,14%
5639,"3,891",108,"3,783","3,596","2,741",775,4,53,0,23,187,6321,5739,582,3955,248,385,195,146,46,198,320,443,285,255,329,207,238,283,232,137,123,53,80,91%,9%,3%,97%,92%,70%,20%,0%,1%,0%,1%,5%,6%,10%,5%,4%,1%,5%,8%,11%,7%,7%,8%,5%,6%,7%,6%,4%,3%,1%,2%
5640,"7,121",166,"6,955","6,720","6,450",115,3,140,5,7,235,9042,8487,555,7361,160,591,564,523,342,226,494,525,603,575,460,508,364,706,328,166,171,101,114,94%,6%,2%,98%,94%,91%,2%,0%,2%,0%,0%,3%,2%,8%,8%,7%,5%,3%,7%,7%,8%,8%,6%,7%,5%,10%,5%,2%,2%,1%,2%
5641,907,16,891,867,851,3,0,11,0,2,24,1125,1101,24,961,7,51,64,58,41,10,32,37,65,62,55,59,57,70,62,56,34,43,105,98%,2%,2%,98%,96%,94%,0%,0%,1%,0%,0%,3%,1%,6%,7%,6%,5%,1%,4%,4%,7%,7%,6%,7%,6%,8%,7%,6%,4%,5%,12%
5642,"2,094",60,"2,034","1,984","1,896",64,0,10,2,12,50,3309,3126,183,1996,79,33,61,136,115,32,112,107,120,50,79,133,229,315,212,123,84,54,70,94%,6%,3%,97%,95%,91%,3%,0%,0%,0%,1%,2%,4%,2%,3%,6%,5%,2%,5%,5%,6%,2%,4%,6%,11%,15%,10%,6%,4%,3%,3%
5644,"5,631",82,"5,549","5,307","4,748",499,5,37,2,16,242,9162,8394,768,5539,351,153,161,219,335,248,140,165,368,264,521,317,358,434,526,520,224,305,309,92%,8%,1%,99%,94%,84%,9%,0%,1%,0%,0%,4%,6%,3%,3%,4%,6%,4%,2%,3%,7%,5%,9%,6%,6%,8%,9%,9%,4%,5%,5%
5645,"3,032",36,"2,996","2,884","2,842",31,0,10,0,1,112,3963,3684,279,2986,108,74,223,121,254,373,108,93,110,354,211,179,279,143,230,64,62,74,45,93%,7%,1%,99%,95%,94%,1%,0%,0%,0%,0%,4%,4%,2%,7%,4%,8%,12%,4%,3%,4%,12%,7%,6%,9%,5%,8%,2%,2%,2%,1%
5647,"2,184",81,"2,103","1,953",464,"1,441",9,13,0,26,150,4533,3288,1245,2454,695,148,86,201,113,140,325,366,133,171,123,116,161,131,148,39,11,24,89,73%,27%,4%,96%,89%,21%,66%,0%,1%,0%,1%,7%,28%,7%,4%,9%,5%,6%,15%,17%,6%,8%,6%,5%,7%,6%,7%,2%,1%,1%,4%
5648,"1,819",40,"1,779","1,690",144,"1,532",4,5,0,5,89,3372,2631,741,1636,475,46,203,149,34,144,73,126,32,35,56,112,104,145,102,41,158,49,27,78%,22%,2%,98%,93%,8%,84%,0%,0%,0%,0%,5%,29%,3%,11%,8%,2%,8%,4%,7%,2%,2%,3%,6%,6%,8%,6%,2%,9%,3%,1%
5651,"2,972",104,"2,868","2,745","1,767",903,5,56,0,14,123,5583,4656,927,2933,820,199,211,107,38,27,405,405,235,239,84,226,172,165,156,75,96,41,70,83%,17%,3%,97%,92%,59%,30%,0%,2%,0%,0%,4%,28%,7%,7%,4%,1%,1%,14%,14%,8%,8%,3%,8%,6%,6%,5%,3%,3%,1%,2%
5652,"2,740",68,"2,672","2,567",799,"1,710",7,31,0,20,105,4698,4119,579,3110,438,140,90,136,124,288,192,417,240,227,108,388,178,169,120,103,64,93,33,88%,12%,2%,98%,94%,29%,62%,0%,1%,0%,1%,4%,14%,5%,3%,5%,5%,11%,7%,15%,9%,8%,4%,14%,6%,6%,4%,4%,2%,3%,1%
5653,"1,238",11,"1,227","1,166",993,150,0,11,0,12,61,1737,1599,138,1291,329,115,55,29,86,33,29,139,51,102,103,73,90,81,70,128,49,51,7,92%,8%,1%,99%,94%,80%,12%,0%,1%,0%,1%,5%,25%,9%,4%,2%,7%,3%,2%,11%,4%,8%,8%,6%,7%,7%,6%,10%,4%,4%,1%
9800,0,0,0,0,0,0,0,0,0,0,0,0,0,0,0,0,0,0,0,0,0,0,0,0,0,0,0,0,0,0,0,0,0,0,#DIV/0!,#DIV/0!,#DIV/0!,#DIV/0!,#DIV/0!,#DIV/0!,#DIV/0!,#DIV/0!,#DIV/0!,#DIV/0!,#DIV/0!,#DIV/0!,#DIV/0!,#DIV/0!,#DIV/0!,#DIV/0!,#DIV/0!,#DIV/0!,#DIV/0!,#DIV/0!,#DIV/0!,#DIV/0!,#DIV/0!,#DIV/0!,#DIV/0!,#DIV/0!,#DIV/0!,#DIV/0!,#DIV/0!,#DIV/0!,#DIV/0!
9801,8,1,7,5,5,0,0,0,0,0,2,6,6,0,0,0,0,0,0,0,0,0,0,0,0,0,0,0,0,0,0,0,0,0,100%,0%,13%,88%,63%,63%,0%,0%,0%,0%,0%,25%,#DIV/0!,0%,0%,0%,0%,0%,0%,0%,0%,0%,0%,0%,0%,0%,0%,0%,0%,0%,0%
9803,0,0,0,0,0,0,0,0,0,0,0,0,0,0,0,0,0,0,0,0,0,0,0,0,0,0,0,0,0,0,0,0,0,0,#DIV/0!,#DIV/0!,#DIV/0!,#DIV/0!,#DIV/0!,#DIV/0!,#DIV/0!,#DIV/0!,#DIV/0!,#DIV/0!,#DIV/0!,#DIV/0!,#DIV/0!,#DIV/0!,#DIV/0!,#DIV/0!,#DIV/0!,#DIV/0!,#DIV/0!,#DIV/0!,#DIV/0!,#DIV/0!,#DIV/0!,#DIV/0!,#DIV/0!,#DIV/0!,#DIV/0!,#DIV/0!,#DIV/0!,#DIV/0!,#DIV/0!
9804,13,0,13,12,11,1,0,0,0,0,1,39,36,3,0,0,0,0,0,0,0,0,0,0,0,0,0,0,0,0,0,0,0,0,92%,8%,0%,100%,92%,85%,8%,0%,0%,0%,0%,8%,#DIV/0!,0%,0%,0%,0%,0%,0%,0%,0%,0%,0%,0%,0%,0%,0%,0%,0%,0%,0%
9805,18,0,18,17,16,0,0,1,0,0,1,39,15,24,14,0,0,0,0,0,0,0,0,0,0,0,0,0,5,5,4,0,0,0,38%,62%,0%,100%,94%,89%,0%,0%,6%,0%,0%,6%,0%,0%,0%,0%,0%,0%,0%,0%,0%,0%,0%,0%,0%,28%,28%,22%,0%,0%,0%
9806,19,4,15,14,12,0,0,2,0,0,1,9,3,6,4,4,0,0,0,0,0,0,0,0,0,0,4,0,0,0,0,0,0,0,33%,67%,21%,79%,74%,63%,0%,0%,11%,0%,0%,5%,100%,0%,0%,0%,0%,0%,0%,0%,0%,0%,0%,21%,0%,0%,0%,0%,0%,0%,0%
9807,29,2,27,25,22,3,0,0,0,0,2,81,39,42,98,5,0,5,0,0,19,36,0,10,11,6,6,0,5,0,0,0,0,0,48%,52%,7%,93%,86%,76%,10%,0%,0%,0%,0%,7%,5%,0%,17%,0%,0%,66%,124%,0%,34%,38%,21%,21%,0%,17%,0%,0%,0%,0%,0%
9808,3,1,2,1,0,0,0,1,0,0,1,3,3,0,0,0,0,0,0,0,0,0,0,0,0,0,0,0,0,0,0,0,0,0,100%,0%,33%,67%,33%,0%,0%,0%,33%,0%,0%,33%,#DIV/0!,0%,0%,0%,0%,0%,0%,0%,0%,0%,0%,0%,0%,0%,0%,0%,0%,0%,0%
9809,0,0,0,0,0,0,0,0,0,0,0,0,0,0,0,0,0,0,0,0,0,5,0,0,0,10,8,0,8,10,0,0,0,0,#DIV/0!,#DIV/0!,#DIV/0!,#DIV/0!,#DIV/0!,#DIV/0!,#DIV/0!,#DIV/0!,#DIV/0!,#DIV/0!,#DIV/0!,#DIV/0!,#DIV/0!,#DIV/0!,#DIV/0!,#DIV/0!,#DIV/0!,#DIV/0!,#DIV/0!,#DIV/0!,#DIV/0!,#DIV/0!,#DIV/0!,#DIV/0!,#DIV/0!,#DIV/0!,#DIV/0!,#DIV/0!,#DIV/0!,#DIV/0!,#DIV/0!
9810,4,1,3,3,3,0,0,0,0,0,0,6,0,6,0,0,0,0,0,0,0,0,0,0,0,0,0,0,0,0,0,0,0,0,0%,100%,25%,75%,75%,75%,0%,0%,0%,0%,0%,0%,#DIV/0!,0%,0%,0%,0%,0%,0%,0%,0%,0%,0%,0%,0%,0%,0%,0%,0%,0%,0%
9811,0,0,0,0,0,0,0,0,0,0,0,0,0,0,0,0,0,0,0,0,0,0,0,0,0,0,0,0,0,0,0,0,0,0,#DIV/0!,#DIV/0!,#DIV/0!,#DIV/0!,#DIV/0!,#DIV/0!,#DIV/0!,#DIV/0!,#DIV/0!,#DIV/0!,#DIV/0!,#DIV/0!,#DIV/0!,#DIV/0!,#DIV/0!,#DIV/0!,#DIV/0!,#DIV/0!,#DIV/0!,#DIV/0!,#DIV/0!,#DIV/0!,#DIV/0!,#DIV/0!,#DIV/0!,#DIV/0!,#DIV/0!,#DIV/0!,#DIV/0!,#DIV/0!,#DIV/0!
9812,0,0,0,0,0,0,0,0,0,0,0,0,0,0,0,0,0,0,0,0,0,0,0,0,0,0,0,0,0,0,0,0,0,0,#DIV/0!,#DIV/0!,#DIV/0!,#DIV/0!,#DIV/0!,#DIV/0!,#DIV/0!,#DIV/0!,#DIV/0!,#DIV/0!,#DIV/0!,#DIV/0!,#DIV/0!,#DIV/0!,#DIV/0!,#DIV/0!,#DIV/0!,#DIV/0!,#DIV/0!,#DIV/0!,#DIV/0!,#DIV/0!,#DIV/0!,#DIV/0!,#DIV/0!,#DIV/0!,#DIV/0!,#DIV/0!,#DIV/0!,#DIV/0!,#DIV/0!
9818,314,5,309,307,244,57,0,5,0,1,2,6,0,6,56,34,0,8,8,76,29,0,6,0,3,0,0,8,22,11,26,29,45,73,0%,100%,2%,98%,98%,78%,18%,0%,2%,0%,0%,1%,61%,0%,3%,3%,24%,9%,0%,2%,0%,1%,0%,0%,3%,7%,4%,8%,9%,14%,23%
9822,"5,022",103,"4,919","4,817","3,742",546,42,297,0,190,102,201,186,15,22,14,0,0,0,4377,1258,11,0,5,0,0,0,5,0,0,0,0,0,0,93%,7%,2%,98%,96%,75%,11%,1%,6%,0%,4%,2%,64%,0%,0%,0%,87%,25%,0%,0%,0%,0%,0%,0%,0%,0%,0%,0%,0%,0%,0%
10301,"1,807",48,"1,759","1,753",545,"1,199",3,6,0,0,6,0,0,0,0,0,0,0,0,34,241,413,269,282,161,178,100,123,32,24,32,0,0,0,#DIV/0!,#DIV/0!,3%,97%,97%,30%,66%,0%,0%,0%,0%,0%,#DIV/0!,0%,0%,0%,2%,13%,23%,15%,16%,9%,10%,6%,7%,2%,1%,2%,0%,0%,0%
10302,"4,075",283,"3,792","3,684","2,876",648,33,116,0,11,108,1437,1173,264,753,286,21,0,40,2311,1715,45,135,44,102,18,21,44,27,24,19,21,0,0,82%,18%,7%,93%,90%,71%,16%,1%,3%,0%,0%,3%,38%,1%,0%,1%,57%,42%,1%,3%,1%,3%,0%,1%,1%,1%,1%,0%,1%,0%,0%
407001,"5,586",100,"5,486","5,346","5,295",13,5,25,1,7,140,7704,7269,435,5633,459,499,138,78,195,161,408,355,269,158,320,441,494,554,413,372,220,288,272,94%,6%,2%,98%,96%,95%,0%,0%,0%,0%,0%,3%,8%,9%,2%,1%,3%,3%,7%,6%,5%,3%,6%,8%,9%,10%,7%,7%,4%,5%,5%
407002,"6,676",83,"6,593","6,450","6,380",38,3,18,0,11,143,8607,8232,375,6468,497,283,234,467,252,155,315,524,361,287,489,435,583,517,583,499,281,133,197,96%,4%,1%,99%,97%,96%,1%,0%,0%,0%,0%,2%,8%,4%,4%,7%,4%,2%,5%,8%,5%,4%,7%,7%,9%,8%,9%,7%,4%,2%,3%
408001,"5,633",92,"5,541","5,320","5,093",36,2,159,0,30,221,6978,6510,468,5548,550,304,429,208,291,294,145,236,466,210,473,402,385,391,609,250,268,99,190,93%,7%,2%,98%,94%,90%,1%,0%,3%,0%,1%,4%,10%,5%,8%,4%,5%,5%,3%,4%,8%,4%,8%,7%,7%,7%,11%,4%,5%,2%,3%
408002,"6,309",99,"6,210","6,050","5,815",46,5,166,0,18,160,7266,7074,192,6186,172,177,534,415,330,212,265,203,443,369,261,411,474,462,438,655,326,148,63,97%,3%,2%,98%,96%,92%,1%,0%,3%,0%,0%,3%,3%,3%,8%,7%,5%,3%,4%,3%,7%,6%,4%,7%,8%,7%,7%,10%,5%,2%,1%
409001,"9,192",258,"8,934","8,606","7,719",144,6,677,4,56,328,10089,9648,441,9301,499,802,734,671,316,474,678,683,640,699,521,818,757,488,418,287,273,33,32,96%,4%,3%,97%,94%,84%,2%,0%,7%,0%,1%,4%,5%,9%,8%,7%,3%,5%,7%,7%,7%,8%,6%,9%,8%,5%,5%,3%,3%,0%,0%
409002,"5,499",182,"5,317","5,080","4,660",75,5,326,2,12,237,5193,4980,213,5659,0,281,508,550,534,148,232,199,331,567,493,522,379,431,234,160,34,43,13,96%,4%,3%,97%,92%,85%,1%,0%,6%,0%,0%,4%,0%,5%,9%,10%,10%,3%,4%,4%,6%,10%,9%,9%,7%,8%,4%,3%,1%,1%,0%
411001,"4,004",128,"3,876","3,733","3,079",42,1,599,0,12,143,4029,3921,108,4097,37,228,146,288,539,213,115,187,250,215,333,525,396,279,116,189,60,18,0,97%,3%,3%,97%,93%,77%,1%,0%,15%,0%,0%,4%,1%,6%,4%,7%,13%,5%,3%,5%,6%,5%,8%,13%,10%,7%,3%,5%,1%,0%,0%
411002,"6,076",233,"5,843","5,643","4,333",99,6,"1,187",2,16,200,7374,6906,468,5962,309,173,504,593,296,188,244,416,338,642,573,300,298,250,554,377,139,59,76,94%,6%,4%,96%,93%,71%,2%,0%,20%,0%,0%,3%,5%,3%,8%,10%,5%,3%,4%,7%,6%,11%,9%,5%,5%,4%,9%,6%,2%,1%,1%
412002,"4,865",97,"4,768","4,628","3,946",58,4,596,3,21,140,5019,4902,117,4784,73,223,371,438,275,75,203,535,238,459,386,322,269,273,273,200,127,39,78,98%,2%,2%,98%,95%,81%,1%,0%,12%,0%,0%,3%,2%,5%,8%,9%,6%,2%,4%,11%,5%,9%,8%,7%,6%,6%,6%,4%,3%,1%,2%
412003,"6,312",132,"6,180","5,983","5,016",79,9,848,6,25,197,6729,6576,153,6424,25,517,511,387,591,191,110,387,419,521,453,525,525,307,412,312,108,113,35,98%,2%,2%,98%,95%,79%,1%,0%,13%,0%,0%,3%,0%,8%,8%,6%,9%,3%,2%,6%,7%,8%,7%,8%,8%,5%,7%,5%,2%,2%,1%
412004,"4,302",77,"4,225","4,075","2,828",50,3,"1,174",0,20,150,4920,4650,270,4065,43,174,280,444,245,138,162,166,231,359,304,369,372,273,193,172,56,79,48,95%,5%,2%,98%,95%,66%,1%,0%,27%,0%,0%,3%,1%,4%,7%,10%,6%,3%,4%,4%,5%,8%,7%,9%,9%,6%,4%,4%,1%,2%,1%
413201,"3,826",68,"3,758","3,661","3,449",68,2,139,2,1,97,4983,4770,213,3922,163,340,250,129,245,196,280,229,372,167,229,264,156,256,317,222,105,62,103,96%,4%,2%,98%,96%,90%,2%,0%,4%,0%,0%,3%,4%,9%,7%,3%,6%,5%,7%,6%,10%,4%,6%,7%,4%,7%,8%,6%,3%,2%,3%
413202,"2,860",56,"2,804","2,708","2,589",17,0,91,0,11,96,3822,3672,150,2723,62,134,92,149,93,128,114,229,207,161,128,207,167,164,232,316,50,122,30,96%,4%,2%,98%,95%,91%,1%,0%,3%,0%,0%,3%,2%,5%,3%,5%,3%,4%,4%,8%,7%,6%,4%,7%,6%,6%,8%,11%,2%,4%,1%
414101,"5,499",70,"5,429","5,303","5,099",50,3,138,1,12,126,6450,6279,171,5474,299,346,358,379,224,252,384,309,385,327,214,374,475,613,326,311,107,54,96,97%,3%,1%,99%,96%,93%,1%,0%,3%,0%,0%,2%,5%,6%,7%,7%,4%,5%,7%,6%,7%,6%,4%,7%,9%,11%,6%,6%,2%,1%,2%
414102,"7,044",146,"6,898","6,731","6,405",62,2,240,3,19,167,9312,8706,606,6988,265,386,516,432,380,181,281,410,492,360,425,516,416,536,526,313,356,286,176,93%,7%,2%,98%,96%,91%,1%,0%,3%,0%,0%,2%,4%,5%,7%,6%,5%,3%,4%,6%,7%,5%,6%,7%,6%,8%,7%,4%,5%,4%,2%
415001,"4,650",106,"4,544","4,406","3,997",82,7,305,2,13,138,5319,4932,387,4629,246,236,319,271,450,146,205,286,274,336,396,288,426,362,324,156,162,61,49,93%,7%,2%,98%,95%,86%,2%,0%,7%,0%,0%,3%,5%,5%,7%,6%,10%,3%,4%,6%,6%,7%,9%,6%,9%,8%,7%,3%,3%,1%,1%
415002,"2,604",60,"2,544","2,429","2,306",22,0,94,0,7,115,3138,2955,183,2510,100,109,189,125,124,47,101,151,165,172,156,173,235,123,208,203,106,47,89,94%,6%,2%,98%,93%,89%,1%,0%,4%,0%,0%,4%,4%,4%,7%,5%,5%,2%,4%,6%,6%,7%,6%,7%,9%,5%,8%,8%,4%,2%,3%
429201,"4,941",105,"4,836","4,737","4,000",110,7,599,2,19,99,6432,6054,378,4733,233,323,233,309,169,142,235,460,363,344,261,261,404,398,381,249,187,114,121,94%,6%,2%,98%,96%,81%,2%,0%,12%,0%,0%,2%,5%,7%,5%,6%,3%,3%,5%,9%,7%,7%,5%,5%,8%,8%,8%,5%,4%,2%,2%
429202,"4,605",100,"4,505","4,342","4,142",49,1,130,1,19,163,5919,5721,198,4399,275,158,313,386,137,180,219,197,248,352,300,204,297,331,414,318,210,87,55,97%,3%,2%,98%,94%,90%,1%,0%,3%,0%,0%,4%,6%,3%,7%,8%,3%,4%,5%,4%,5%,8%,7%,4%,6%,7%,9%,7%,5%,2%,1%
451101,"3,792",96,"3,696","3,568","3,358",110,0,86,2,12,128,4833,4629,204,3555,82,184,179,173,204,125,128,212,197,208,251,325,326,135,296,310,134,65,137,96%,4%,3%,97%,94%,89%,3%,0%,2%,0%,0%,3%,2%,5%,5%,5%,5%,3%,3%,6%,5%,5%,7%,9%,9%,4%,8%,8%,4%,2%,4%
451102,"6,047",517,"5,530","5,268","4,394",592,14,245,0,23,262,6660,6174,486,5084,163,234,367,393,1133,971,284,217,534,122,416,380,204,330,251,297,199,44,115,93%,7%,9%,91%,87%,73%,10%,0%,4%,0%,0%,4%,3%,4%,6%,6%,19%,16%,5%,4%,9%,2%,7%,6%,3%,5%,4%,5%,3%,1%,2%
451104,"3,966",82,"3,884","3,703","3,428",109,0,159,1,6,181,4200,4170,30,3921,29,371,333,180,147,244,85,245,418,188,211,381,230,245,134,196,185,119,9,99%,1%,2%,98%,93%,86%,3%,0%,4%,0%,0%,5%,1%,9%,8%,5%,4%,6%,2%,6%,11%,5%,5%,10%,6%,6%,3%,5%,5%,3%,0%
451105,"5,625",242,"5,383","5,092","4,103",402,10,540,2,35,291,7746,7116,630,5618,270,222,195,236,326,607,1122,237,283,522,363,238,546,242,297,108,107,86,71,92%,8%,4%,96%,91%,73%,7%,0%,10%,0%,1%,5%,5%,4%,3%,4%,6%,11%,20%,4%,5%,9%,6%,4%,10%,4%,5%,2%,2%,2%,1%
453003,"2,184",26,"2,158","2,086","1,988",53,8,16,1,20,72,2301,2166,135,1824,104,65,41,104,206,157,65,145,35,102,122,163,232,226,127,88,44,40,27,94%,6%,1%,99%,96%,91%,2%,0%,1%,0%,1%,3%,6%,3%,2%,5%,9%,7%,3%,7%,2%,5%,6%,7%,11%,10%,6%,4%,2%,2%,1%
453004,"7,258",251,"7,007","6,708","5,991",337,4,331,3,42,299,10335,9789,546,7245,456,202,480,428,291,300,581,807,434,884,470,270,480,466,527,258,227,119,55,95%,5%,3%,97%,92%,83%,5%,0%,5%,0%,1%,4%,6%,3%,7%,6%,4%,4%,8%,11%,6%,12%,6%,4%,7%,6%,7%,4%,3%,2%,1%
456001,"4,679",81,"4,598","4,392","3,855",68,10,453,0,6,206,5070,4833,237,4561,149,356,398,353,326,93,123,311,396,369,233,337,379,317,306,143,66,45,10,95%,5%,2%,98%,94%,82%,1%,0%,10%,0%,0%,4%,3%,8%,9%,8%,7%,2%,3%,7%,8%,8%,5%,7%,8%,7%,7%,3%,1%,1%,0%
456003,"8,059",161,"7,898","7,661","6,088",153,8,"1,393",0,19,237,8892,8565,327,7593,216,328,771,843,431,68,178,386,722,712,581,670,482,459,320,192,198,141,131,96%,4%,2%,98%,95%,76%,2%,0%,17%,0%,0%,3%,3%,4%,10%,10%,5%,1%,2%,5%,9%,9%,7%,8%,6%,6%,4%,2%,2%,2%,2%
456004,"5,620",121,"5,499","5,329","4,728",148,7,419,3,24,170,7308,6963,345,5810,221,380,288,357,325,315,246,393,338,306,232,491,385,389,366,436,208,118,581,95%,5%,2%,98%,95%,84%,3%,0%,7%,0%,0%,3%,4%,7%,5%,6%,6%,6%,4%,7%,6%,5%,4%,9%,7%,7%,7%,8%,4%,2%,10%
458001,"4,333",103,"4,230","4,091","3,657",97,4,306,4,23,139,6357,5817,540,4273,242,187,143,288,270,128,222,132,224,299,358,189,378,333,404,438,125,27,128,92%,8%,2%,98%,94%,84%,2%,0%,7%,0%,1%,3%,6%,4%,3%,7%,6%,3%,5%,3%,5%,7%,8%,4%,9%,8%,9%,10%,3%,1%,3%
458002,"4,602",48,"4,554","4,445","4,287",55,1,76,1,25,109,6210,5907,303,4620,172,283,256,168,94,75,84,411,376,280,315,259,298,427,484,351,170,189,116,95%,5%,1%,99%,97%,93%,1%,0%,2%,0%,1%,2%,4%,6%,6%,4%,2%,2%,2%,9%,8%,6%,7%,6%,6%,9%,11%,8%,4%,4%,3%
459101,"1,733",33,"1,700","1,637","1,459",144,3,19,0,12,63,2130,2019,111,1722,272,161,89,134,107,32,149,146,73,62,86,80,142,176,64,28,115,47,31,95%,5%,2%,98%,94%,84%,8%,0%,1%,0%,1%,4%,16%,9%,5%,8%,6%,2%,9%,8%,4%,4%,5%,5%,8%,10%,4%,2%,7%,3%,2%
459102,"6,426",168,"6,258","6,077","5,550",164,4,336,0,23,181,8037,7674,363,6371,296,224,477,211,375,126,318,177,718,183,467,600,389,560,619,493,176,162,96,95%,5%,3%,97%,95%,86%,3%,0%,5%,0%,0%,3%,5%,3%,7%,3%,6%,2%,5%,3%,11%,3%,7%,9%,6%,9%,10%,8%,3%,3%,1%
459201,"7,344",222,"7,122","6,866","6,110",283,6,427,0,40,256,11433,10359,1074,7280,344,465,198,307,365,576,745,790,678,400,468,304,360,355,419,589,159,75,107,91%,9%,3%,97%,93%,83%,4%,0%,6%,0%,1%,3%,5%,6%,3%,4%,5%,8%,10%,11%,9%,5%,6%,4%,5%,5%,6%,8%,2%,1%,1%
459202,677,10,667,651,629,12,0,10,0,0,16,1497,1410,87,672,65,5,0,25,11,52,67,74,103,17,36,28,33,84,46,43,31,15,2,94%,6%,1%,99%,96%,93%,2%,0%,1%,0%,0%,2%,10%,1%,0%,4%,2%,8%,10%,11%,15%,3%,5%,4%,5%,12%,7%,6%,5%,2%,0%
460001,"4,925",89,"4,836","4,702","4,497",123,2,65,0,15,134,6474,6309,165,4783,295,178,281,200,117,98,291,149,412,242,306,290,371,789,156,363,237,180,178,97%,3%,2%,98%,95%,91%,2%,0%,1%,0%,0%,3%,6%,4%,6%,4%,2%,2%,6%,3%,8%,5%,6%,6%,8%,16%,3%,7%,5%,4%,4%
460002,"3,776",52,"3,724","3,613","3,329",199,0,70,0,15,111,5334,5085,249,3730,399,226,182,250,168,129,184,213,334,225,175,234,209,255,273,190,305,164,23,95%,5%,1%,99%,96%,88%,5%,0%,2%,0%,0%,3%,11%,6%,5%,7%,4%,3%,5%,6%,9%,6%,5%,6%,6%,7%,7%,5%,8%,4%,1%
470501,"4,317",75,"4,242","4,172","1,961",93,9,"2,099",0,10,70,6723,6183,540,4400,198,296,291,234,111,253,512,963,432,295,169,102,117,80,214,63,65,124,79,92%,8%,2%,98%,97%,45%,2%,0%,49%,0%,0%,2%,5%,7%,7%,5%,3%,6%,12%,22%,10%,7%,4%,2%,3%,2%,5%,1%,2%,3%,2%
470502,"3,011",74,"2,937","2,853","2,590",103,0,153,0,7,84,4077,3888,189,2814,78,134,36,213,95,7,174,183,320,66,230,35,205,288,353,179,126,117,220,95%,5%,2%,98%,95%,86%,3%,0%,5%,0%,0%,3%,3%,4%,1%,7%,3%,0%,6%,6%,11%,2%,8%,1%,7%,10%,12%,6%,4%,4%,7%
473401,"3,731",118,"3,613","3,456","3,219",78,2,146,0,11,157,5022,4737,285,3831,158,137,278,368,364,76,147,227,246,402,244,318,282,263,212,149,74,44,0,94%,6%,3%,97%,93%,86%,2%,0%,4%,0%,0%,4%,4%,4%,7%,10%,10%,2%,4%,6%,7%,11%,7%,9%,8%,7%,6%,4%,2%,1%,0%
473402,"3,678",110,"3,568","3,415","3,178",51,0,168,3,15,153,4764,4458,306,3810,230,128,383,306,205,95,78,149,174,645,202,232,228,309,131,263,95,106,81,94%,6%,3%,97%,93%,86%,1%,0%,5%,0%,0%,4%,6%,3%,10%,8%,6%,3%,2%,4%,5%,18%,5%,6%,6%,8%,4%,7%,3%,3%,2%
473601,"4,136",95,"4,041","3,891","3,628",69,0,177,0,17,150,5247,4860,387,3780,206,160,309,293,203,40,64,131,237,296,273,249,166,339,333,298,239,112,131,93%,7%,2%,98%,94%,88%,2%,0%,4%,0%,0%,4%,5%,4%,7%,7%,5%,1%,2%,3%,6%,7%,7%,6%,4%,8%,8%,7%,6%,3%,3%
473602,"4,714",117,"4,597","4,449","3,994",49,1,395,0,10,148,5958,5709,249,4500,101,155,302,284,245,83,104,121,466,233,215,258,330,288,405,411,269,248,197,96%,4%,2%,98%,94%,85%,1%,0%,8%,0%,0%,3%,2%,3%,6%,6%,5%,2%,2%,3%,10%,5%,5%,5%,7%,6%,9%,9%,6%,5%,4%
474101,"4,460",127,"4,333","4,200","3,424",52,2,704,0,18,133,4767,4593,174,4287,250,259,328,317,410,67,128,139,362,358,347,312,407,233,177,160,196,11,76,96%,4%,3%,97%,94%,77%,1%,0%,16%,0%,0%,3%,6%,6%,7%,7%,9%,2%,3%,3%,8%,8%,8%,7%,9%,5%,4%,4%,4%,0%,2%
474102,"3,901",98,"3,803","3,679","3,438",35,5,187,2,12,124,4473,4212,261,3632,83,259,362,260,162,27,89,244,291,265,285,192,325,133,149,169,97,129,194,94%,6%,3%,97%,94%,88%,1%,0%,5%,0%,0%,3%,2%,7%,9%,7%,4%,1%,2%,6%,7%,7%,7%,5%,8%,3%,4%,4%,2%,3%,5%
474201,"2,634",67,"2,567","2,439","2,193",22,0,209,1,14,128,2793,2703,90,2683,49,99,149,132,181,108,85,110,105,218,180,215,280,242,193,142,181,41,22,97%,3%,3%,97%,93%,83%,1%,0%,8%,0%,1%,5%,2%,4%,6%,5%,7%,4%,3%,4%,4%,8%,7%,8%,11%,9%,7%,5%,7%,2%,1%
474202,"5,363",155,"5,208","5,031","4,530",34,5,448,0,14,177,6597,6126,471,5217,87,230,338,355,386,303,213,107,317,427,289,410,414,293,254,190,170,68,525,93%,7%,3%,97%,94%,84%,1%,0%,8%,0%,0%,3%,2%,4%,6%,7%,7%,6%,4%,2%,6%,8%,5%,8%,8%,5%,5%,4%,3%,1%,10%
474203,"4,802",129,"4,673","4,481","3,977",46,0,436,0,22,192,5031,4884,147,5002,129,412,328,382,443,179,152,249,233,295,265,590,418,204,275,171,140,105,161,97%,3%,3%,97%,93%,83%,1%,0%,9%,0%,0%,4%,3%,9%,7%,8%,9%,4%,3%,5%,5%,6%,6%,12%,9%,4%,6%,4%,3%,2%,3%
475101,"4,977",115,"4,862","4,714","4,344",95,0,268,1,6,148,7974,7314,660,4401,320,143,182,84,255,77,292,141,301,250,395,267,242,318,374,420,282,156,385,92%,8%,2%,98%,95%,87%,2%,0%,5%,0%,0%,3%,7%,3%,4%,2%,5%,2%,6%,3%,6%,5%,8%,5%,5%,6%,8%,8%,6%,3%,8%
475102,"1,677",19,"1,658","1,610","1,567",17,0,25,1,0,48,2121,2004,117,1701,42,58,122,121,96,54,38,102,82,147,73,112,86,234,174,105,42,40,15,94%,6%,1%,99%,96%,93%,1%,0%,1%,0%,0%,3%,2%,3%,7%,7%,6%,3%,2%,6%,5%,9%,4%,7%,5%,14%,10%,6%,3%,2%,1%
475301,"4,460",77,"4,383","4,250","4,002",139,5,87,0,17,133,6549,6246,303,4598,146,271,95,130,429,205,244,282,277,208,263,268,451,373,288,518,109,113,74,95%,5%,2%,98%,95%,90%,3%,0%,2%,0%,0%,3%,3%,6%,2%,3%,10%,5%,5%,6%,6%,5%,6%,6%,10%,8%,6%,12%,2%,3%,2%
475303,"4,150",64,"4,086","3,934","3,847",31,0,41,0,15,152,5049,4776,273,4301,93,278,381,259,89,90,237,262,335,254,325,109,315,309,305,427,72,103,151,95%,5%,2%,98%,95%,93%,1%,0%,1%,0%,0%,4%,2%,7%,9%,6%,2%,2%,6%,6%,8%,6%,8%,3%,8%,7%,7%,10%,2%,2%,4%
475304,"5,466",91,"5,375","5,201","4,976",53,2,161,3,6,174,7119,6867,252,5488,284,383,363,158,284,217,351,398,467,112,324,434,316,605,316,385,249,46,144,96%,4%,2%,98%,95%,91%,1%,0%,3%,0%,0%,3%,5%,7%,7%,3%,5%,4%,6%,7%,9%,2%,6%,8%,6%,11%,6%,7%,5%,1%,3%
475401,"4,066",60,"4,006","3,912","3,689",42,0,170,3,8,94,5298,5070,228,3812,151,158,176,94,223,79,220,171,202,185,187,180,438,294,318,322,240,110,217,96%,4%,1%,99%,96%,91%,1%,0%,4%,0%,0%,2%,4%,4%,4%,2%,5%,2%,5%,4%,5%,5%,5%,4%,11%,7%,8%,8%,6%,3%,5%
475402,"3,213",38,"3,175","3,054","2,948",28,0,68,0,10,121,3978,3792,186,3257,159,153,161,181,150,176,174,354,176,141,137,440,216,120,181,225,154,57,61,95%,5%,1%,99%,95%,92%,1%,0%,2%,0%,0%,4%,5%,5%,5%,6%,5%,5%,5%,11%,5%,4%,4%,14%,7%,4%,6%,7%,5%,2%,2%
480101,"5,975",119,"5,856","5,679","3,481",654,6,"1,503",10,25,177,8166,7650,516,5767,998,361,554,352,239,402,603,470,353,410,271,177,290,347,362,201,84,33,369,94%,6%,2%,98%,95%,58%,11%,0%,25%,0%,0%,3%,17%,6%,9%,6%,4%,7%,10%,8%,6%,7%,5%,3%,5%,6%,6%,3%,1%,1%,6%
480102,"3,121",48,"3,073","2,980","2,688",67,2,217,2,4,93,4095,3969,126,3055,220,137,102,128,222,149,219,138,214,200,165,207,140,290,255,186,190,72,41,97%,3%,2%,98%,95%,86%,2%,0%,7%,0%,0%,3%,7%,4%,3%,4%,7%,5%,7%,4%,7%,6%,5%,7%,4%,9%,8%,6%,6%,2%,1%
489001,"4,703",79,"4,624","4,502","4,184",170,3,136,0,9,122,6213,5796,417,4762,93,192,322,242,274,373,207,226,272,406,442,466,158,281,267,169,221,152,232,93%,7%,2%,98%,96%,89%,4%,0%,3%,0%,0%,3%,2%,4%,7%,5%,6%,8%,4%,5%,6%,9%,9%,10%,3%,6%,6%,4%,5%,3%,5%
489002,"3,801",69,"3,732","3,619","3,290",94,1,221,0,13,113,4764,4626,138,3516,157,188,173,163,133,122,190,279,161,205,195,179,233,464,250,278,143,83,77,97%,3%,2%,98%,95%,87%,2%,0%,6%,0%,0%,3%,4%,5%,5%,4%,3%,3%,5%,7%,4%,5%,5%,5%,6%,12%,7%,7%,4%,2%,2%
490002,"5,102",111,"4,991","4,777","4,390",227,3,144,0,13,214,7410,6837,573,4777,115,214,228,173,267,130,331,314,408,266,243,428,300,401,333,214,401,71,62,92%,8%,2%,98%,94%,86%,4%,0%,3%,0%,0%,4%,2%,4%,4%,3%,5%,3%,6%,6%,8%,5%,5%,8%,6%,8%,7%,4%,8%,1%,1%
490003,"3,679",39,"3,640","3,535","3,384",78,0,68,0,5,105,4635,4434,201,3822,137,325,183,204,115,90,228,307,357,214,150,317,342,251,231,265,113,88,42,96%,4%,1%,99%,96%,92%,2%,0%,2%,0%,0%,3%,4%,9%,5%,6%,3%,2%,6%,8%,10%,6%,4%,9%,9%,7%,6%,7%,3%,2%,1%
490004,"4,946",51,"4,895","4,731","4,551",107,8,35,5,25,164,5997,5760,237,5033,204,215,436,445,327,189,232,348,303,342,299,251,341,357,306,283,309,73,24,96%,4%,1%,99%,96%,92%,2%,0%,1%,0%,1%,3%,4%,4%,9%,9%,7%,4%,5%,7%,6%,7%,6%,5%,7%,7%,6%,6%,6%,1%,0%
491101,"7,681",168,"7,513","7,294","6,659",211,5,397,1,21,219,8706,8421,285,7446,83,379,516,609,373,253,264,410,474,641,262,418,389,637,729,438,249,274,238,97%,3%,2%,98%,95%,87%,3%,0%,5%,0%,0%,3%,1%,5%,7%,8%,5%,3%,3%,5%,6%,8%,3%,5%,5%,8%,9%,6%,3%,4%,3%
496101,"3,031",40,"2,991","2,891","2,825",45,1,12,0,8,100,3876,3654,222,2732,150,142,125,193,132,105,85,208,192,140,189,99,139,241,190,292,185,27,48,94%,6%,1%,99%,95%,93%,1%,0%,0%,0%,0%,3%,5%,5%,4%,6%,4%,3%,3%,7%,6%,5%,6%,3%,5%,8%,6%,10%,6%,1%,2%
496102,"4,370",34,"4,336","4,211","4,089",96,3,15,0,8,125,5925,5592,333,4367,336,195,386,150,124,216,224,402,198,141,295,247,149,583,194,275,127,205,256,94%,6%,1%,99%,96%,94%,2%,0%,0%,0%,0%,3%,8%,4%,9%,3%,3%,5%,5%,9%,5%,3%,7%,6%,3%,13%,4%,6%,3%,5%,6%
503002,"5,846",91,"5,755","5,555","5,111",369,7,34,5,29,200,8832,8337,495,5720,430,118,276,338,444,290,127,396,242,322,128,433,413,576,539,378,212,148,471,94%,6%,2%,98%,95%,87%,6%,0%,1%,0%,0%,3%,8%,2%,5%,6%,8%,5%,2%,7%,4%,6%,2%,7%,7%,10%,9%,6%,4%,3%,8%
515401,"2,290",92,"2,198","2,116","1,772",284,0,55,0,5,82,3627,3375,252,2182,189,77,82,153,139,110,148,178,267,236,128,199,117,96,84,138,30,0,0,93%,7%,4%,96%,92%,77%,12%,0%,2%,0%,0%,4%,9%,3%,4%,7%,6%,5%,6%,8%,12%,10%,6%,9%,5%,4%,4%,6%,1%,0%,0%
518001,"3,286",73,"3,213","3,113","2,741",283,1,70,2,16,100,5154,4887,267,3116,108,153,61,53,109,90,116,293,277,175,96,171,246,313,328,250,170,59,167,95%,5%,2%,98%,95%,83%,9%,0%,2%,0%,0%,3%,3%,5%,2%,2%,3%,3%,4%,9%,8%,5%,3%,5%,7%,10%,10%,8%,5%,2%,5%
520001,"3,258",51,"3,207","3,088","2,347",601,0,116,4,20,119,5106,4845,261,2998,332,165,122,81,98,95,138,155,160,194,137,187,220,231,272,187,153,201,202,95%,5%,2%,98%,95%,72%,18%,0%,4%,0%,1%,4%,11%,5%,4%,2%,3%,3%,4%,5%,5%,6%,4%,6%,7%,7%,8%,6%,5%,6%,6%
520002,"3,092",98,"2,994","2,822","2,147",631,3,36,0,5,172,5058,4656,402,3256,262,163,162,226,124,227,204,362,199,209,195,97,131,197,217,219,184,53,87,92%,8%,3%,97%,91%,69%,20%,0%,1%,0%,0%,6%,8%,5%,5%,7%,4%,7%,7%,12%,6%,7%,6%,3%,4%,6%,7%,7%,6%,2%,3%
521301,"4,216",111,"4,105","3,892","2,656",859,6,345,0,26,213,6594,6171,423,4077,572,129,329,124,240,356,344,165,219,332,199,237,371,371,190,234,189,105,101,94%,6%,3%,97%,92%,63%,20%,0%,8%,0%,1%,5%,14%,3%,8%,3%,6%,8%,8%,4%,5%,8%,5%,6%,9%,9%,5%,6%,4%,2%,2%
521302,"4,516",146,"4,370","4,201","2,795",798,7,575,2,24,169,6723,6147,576,3742,376,331,171,148,122,228,319,176,303,320,268,159,290,224,253,234,90,129,121,91%,9%,3%,97%,93%,62%,18%,0%,13%,0%,1%,4%,10%,7%,4%,3%,3%,5%,7%,4%,7%,7%,6%,4%,6%,5%,6%,5%,2%,3%,3%
521401,"2,924",99,"2,825","2,720","2,323",234,0,147,3,13,105,3921,3720,201,2838,136,133,52,123,78,267,131,252,173,120,162,374,205,180,138,143,172,135,194,95%,5%,3%,97%,93%,79%,8%,0%,5%,0%,0%,4%,5%,5%,2%,4%,3%,9%,4%,9%,6%,4%,6%,13%,7%,6%,5%,5%,6%,5%,7%
521402,"3,855",63,"3,792","3,646","2,892",420,4,306,0,24,146,4749,4569,180,3853,233,286,308,265,166,81,138,299,265,305,256,233,142,373,190,258,125,119,112,96%,4%,2%,98%,95%,75%,11%,0%,8%,0%,1%,4%,6%,7%,8%,7%,4%,2%,4%,8%,7%,8%,7%,6%,4%,10%,5%,7%,3%,3%,3%
523501,"4,703",123,"4,580","4,325","1,872","2,350",11,35,1,56,255,6354,5919,435,3761,427,27,141,401,185,103,385,181,138,275,187,268,276,419,398,187,130,30,30,93%,7%,3%,97%,92%,40%,50%,0%,1%,0%,1%,5%,11%,1%,3%,9%,4%,2%,8%,4%,3%,6%,4%,6%,6%,9%,8%,4%,3%,1%,1%
523502,"1,497",52,"1,445","1,370",935,419,1,1,0,14,75,2172,1980,192,1277,115,105,73,0,15,41,119,54,26,31,38,87,123,73,161,178,45,25,83,91%,9%,3%,97%,92%,62%,28%,0%,0%,0%,1%,5%,9%,7%,5%,0%,1%,3%,8%,4%,2%,2%,3%,6%,8%,5%,11%,12%,3%,2%,6%
523701,"3,868",64,"3,804","3,629","2,972",622,3,21,0,11,175,5700,5382,318,3644,651,289,135,194,66,115,252,403,274,141,140,178,267,243,272,314,154,93,114,94%,6%,2%,98%,94%,77%,16%,0%,1%,0%,0%,5%,18%,7%,3%,5%,2%,3%,7%,10%,7%,4%,4%,5%,7%,6%,7%,8%,4%,2%,3%
523702,"5,176",119,"5,057","4,792","3,159","1,544",6,54,0,29,265,8127,7581,546,5475,571,267,275,321,141,240,751,362,191,143,240,586,423,586,368,231,35,149,166,93%,7%,2%,98%,93%,61%,30%,0%,1%,0%,1%,5%,10%,5%,5%,6%,3%,5%,15%,7%,4%,3%,5%,11%,8%,11%,7%,4%,1%,3%,3%
526101,"7,410",83,"7,327","7,114","6,763",256,4,75,5,11,213,9867,9309,558,7452,184,274,487,631,807,449,180,279,366,694,608,563,396,501,254,267,64,117,576,94%,6%,1%,99%,96%,91%,3%,0%,1%,0%,0%,3%,2%,4%,7%,9%,11%,6%,2%,4%,5%,9%,8%,8%,5%,7%,3%,4%,1%,2%,8%
526102,"2,327",50,"2,277","2,201","2,120",53,4,22,0,2,76,2964,2853,111,2297,130,179,158,113,82,136,132,228,129,117,118,86,203,161,164,79,92,74,60,96%,4%,2%,98%,95%,91%,2%,0%,1%,0%,0%,3%,6%,8%,7%,5%,4%,6%,6%,10%,6%,5%,5%,4%,9%,7%,7%,3%,4%,3%,3%
526201,"3,704",56,"3,648","3,491","3,335",98,0,49,0,9,157,4626,4392,234,3494,81,175,264,138,151,67,244,157,191,220,178,113,406,365,270,157,124,103,171,95%,5%,2%,98%,94%,90%,3%,0%,1%,0%,0%,4%,2%,5%,7%,4%,4%,2%,7%,4%,5%,6%,5%,3%,11%,10%,7%,4%,3%,3%,5%
526202,"4,649",101,"4,548","4,383","3,954",322,4,71,1,31,165,6141,5850,291,4725,189,276,414,348,93,155,250,308,418,296,421,238,484,388,148,201,71,40,188,95%,5%,2%,98%,94%,85%,7%,0%,2%,0%,1%,4%,4%,6%,9%,7%,2%,3%,5%,7%,9%,6%,9%,5%,10%,8%,3%,4%,2%,1%,4%
526301,"3,989",50,"3,939","3,822","3,678",104,0,20,0,20,117,5064,4929,135,3720,148,143,183,121,168,139,161,239,126,274,185,264,188,302,480,260,241,155,91,97%,3%,1%,99%,96%,92%,3%,0%,1%,0%,1%,3%,4%,4%,5%,3%,4%,3%,4%,6%,3%,7%,5%,7%,5%,8%,12%,7%,6%,4%,2%
526302,"5,065",109,"4,956","4,789","4,334",351,6,86,0,12,167,6945,6603,342,5098,86,408,247,189,259,264,591,270,412,246,257,397,183,316,335,224,251,180,69,95%,5%,2%,98%,95%,86%,7%,0%,2%,0%,0%,3%,2%,8%,5%,4%,5%,5%,12%,5%,8%,5%,5%,8%,4%,6%,7%,4%,5%,4%,1%
562901,"1,433",43,"1,390","1,309",838,416,4,43,0,8,81,2280,1881,399,1534,528,199,97,169,79,98,77,136,90,101,52,137,20,80,92,49,37,14,7,83%,18%,3%,97%,91%,58%,29%,0%,3%,0%,1%,6%,34%,14%,7%,12%,6%,7%,5%,9%,6%,7%,4%,10%,1%,6%,6%,3%,3%,1%,0%
563201,301,11,290,272,247,9,0,15,0,1,18,699,642,57,261,6,0,0,0,0,5,29,47,18,15,5,20,40,57,14,6,0,0,5,92%,8%,4%,96%,90%,82%,3%,0%,5%,0%,0%,6%,2%,0%,0%,0%,0%,2%,10%,16%,6%,5%,2%,7%,13%,19%,5%,2%,0%,0%,2%
563202,"1,903",73,"1,830","1,742","1,256",438,2,42,2,2,88,4398,3378,1020,1956,360,87,45,0,26,49,212,182,282,123,112,132,226,153,115,81,79,18,34,77%,23%,4%,96%,92%,66%,23%,0%,2%,0%,0%,5%,18%,5%,2%,0%,1%,3%,11%,10%,15%,6%,6%,7%,12%,8%,6%,4%,4%,1%,2%
NA,"302,971","11,620","291,351","277,810","187,099","68,314",475,"19,745",96,"2,081","13,541",157695,139726,17969,280914,54689,13286,11859,12497,24647,34367,33093,30059,21204,16702,13392,14007,15523,17264,15465,11857,7421,4840,6137,89%,11%,4%,96%,92%,62%,23%,0%,7%,0%,1%,4%,19%,4%,4%,4%,8%,11%,11%,10%,7%,6%,4%,5%,5%,6%,5%,4%,2%,2%,2%